scode,year,pooled_score,same_year_score,pooled_grade,same_year_grade,abs_difference
000049,2018,0.443,0.474,蓄力,蓄力,0.030999999999999972
000049,2019,0.473,0.476,蓄力,蓄力,0.0030000000000000027
000049,2020,0.496,0.495,蓄力,蓄力,0.0010000000000000009
000049,2021,0.51,0.507,蓄力,蓄力,0.0030000000000000027
000049,2022,0.507,0.505,蓄力,蓄力,0.0020000000000000018
000049,2023,0.514,0.493,蓄力,蓄力,0.02100000000000002
000333,2018,0.684,0.693,蓄力,蓄力,0.008999999999999897
000333,2019,0.688,0.689,蓄力,蓄力,0.0010000000000000009
000333,2020,0.68,0.673,蓄力,蓄力,0.007000000000000006
000333,2021,0.687,0.688,蓄力,蓄力,0.0009999999999998899
000333,2022,0.698,0.702,蓄力,就绪,0.0040000000000000036
000333,2023,0.694,0.694,蓄力,蓄力,0.0
000400,2018,0.47,0.487,蓄力,蓄力,0.017000000000000015
000400,2019,0.497,0.507,蓄力,蓄力,0.010000000000000009
000400,2020,0.526,0.514,蓄力,蓄力,0.01200000000000001
000400,2021,0.561,0.572,蓄力,蓄力,0.010999999999999899
000400,2022,0.561,0.562,蓄力,蓄力,0.0010000000000000009
000400,2023,0.547,0.544,蓄力,蓄力,0.0030000000000000027
000521,2018,0.407,0.423,蓄力,蓄力,0.016000000000000014
000521,2019,0.408,0.407,蓄力,蓄力,0.0010000000000000009
000521,2020,0.405,0.398,蓄力,薄弱,0.007000000000000006
000521,2021,0.406,0.409,蓄力,蓄力,0.002999999999999947
000521,2022,0.429,0.424,蓄力,蓄力,0.0050000000000000044
000521,2023,0.465,0.451,蓄力,蓄力,0.014000000000000012
000533,2018,0.281,0.297,薄弱,薄弱,0.01599999999999996
000533,2019,0.402,0.417,蓄力,蓄力,0.014999999999999958
000533,2020,0.454,0.45,蓄力,蓄力,0.0040000000000000036
000533,2021,0.384,0.395,薄弱,薄弱,0.01100000000000001
000533,2022,0.399,0.389,薄弱,薄弱,0.010000000000000009
000533,2023,0.466,0.434,蓄力,蓄力,0.03200000000000003
000541,2018,0.613,0.635,蓄力,蓄力,0.02200000000000002
000541,2019,0.61,0.619,蓄力,蓄力,0.009000000000000008
000541,2020,0.599,0.592,蓄力,蓄力,0.007000000000000006
000541,2021,0.623,0.628,蓄力,蓄力,0.0050000000000000044
000541,2022,0.641,0.637,蓄力,蓄力,0.0040000000000000036
000541,2023,0.635,0.612,蓄力,蓄力,0.02300000000000002
000586,2018,0.225,0.234,薄弱,薄弱,0.009000000000000008
000586,2019,0.287,0.284,薄弱,薄弱,0.0030000000000000027
000586,2020,0.403,0.388,蓄力,薄弱,0.015000000000000013
000586,2021,0.435,0.447,蓄力,蓄力,0.01200000000000001
000586,2022,0.428,0.436,蓄力,蓄力,0.008000000000000007
000586,2023,0.406,0.399,蓄力,薄弱,0.007000000000000006
000651,2018,0.666,0.679,蓄力,蓄力,0.013000000000000012
000651,2019,0.652,0.649,蓄力,蓄力,0.0030000000000000027
000651,2020,0.681,0.676,蓄力,蓄力,0.0050000000000000044
000651,2021,0.634,0.634,蓄力,蓄力,0.0
000651,2022,0.586,0.585,蓄力,蓄力,0.0010000000000000009
000651,2023,0.605,0.606,蓄力,蓄力,0.0010000000000000009
000720,2018,0.584,0.579,蓄力,蓄力,0.0050000000000000044
000720,2019,0.558,0.543,蓄力,蓄力,0.015000000000000013
000720,2020,0.47,0.45,蓄力,蓄力,0.019999999999999962
000720,2021,0.351,0.364,薄弱,薄弱,0.013000000000000012
000720,2022,0.313,0.314,薄弱,薄弱,0.0010000000000000009
000720,2023,0.365,0.369,薄弱,薄弱,0.0040000000000000036
000809,2018,0.465,0.471,蓄力,蓄力,0.00599999999999995
000809,2019,0.427,0.41,蓄力,蓄力,0.017000000000000015
000809,2020,0.467,0.462,蓄力,蓄力,0.0050000000000000044
000809,2021,0.476,0.49,蓄力,蓄力,0.014000000000000012
000809,2022,0.477,0.476,蓄力,蓄力,0.0010000000000000009
000809,2023,0.458,0.451,蓄力,蓄力,0.007000000000000006
000921,2018,0.534,0.549,蓄力,蓄力,0.015000000000000013
000921,2019,0.539,0.539,蓄力,蓄力,0.0
000921,2020,0.589,0.579,蓄力,蓄力,0.010000000000000009
000921,2021,0.573,0.565,蓄力,蓄力,0.008000000000000007
000921,2022,0.61,0.608,蓄力,蓄力,0.0020000000000000018
000921,2023,0.625,0.629,蓄力,蓄力,0.0040000000000000036
000922,2018,0.506,0.505,蓄力,蓄力,0.0010000000000000009
000922,2019,0.541,0.537,蓄力,蓄力,0.0040000000000000036
000922,2020,0.519,0.511,蓄力,蓄力,0.008000000000000007
000922,2021,0.449,0.448,蓄力,蓄力,0.0010000000000000009
000922,2022,0.49,0.489,蓄力,蓄力,0.0010000000000000009
000922,2023,0.467,0.466,蓄力,蓄力,0.0010000000000000009
001208,2021,0.476,0.478,蓄力,蓄力,0.0020000000000000018
001208,2022,0.429,0.423,蓄力,蓄力,0.006000000000000005
001208,2023,0.407,0.399,蓄力,薄弱,0.007999999999999952
001259,2022,0.406,0.41,蓄力,蓄力,0.003999999999999948
001259,2023,0.388,0.382,薄弱,薄弱,0.006000000000000005
001283,2022,0.542,0.536,蓄力,蓄力,0.006000000000000005
001283,2023,0.54,0.524,蓄力,蓄力,0.016000000000000014
001326,2023,0.643,0.632,蓄力,蓄力,0.01100000000000001
001387,2023,0.376,0.374,薄弱,薄弱,0.0020000000000000018
002005,2018,0.561,0.569,蓄力,蓄力,0.007999999999999896
002005,2019,0.577,0.584,蓄力,蓄力,0.007000000000000006
002005,2020,0.422,0.423,蓄力,蓄力,0.0010000000000000009
002005,2021,0.388,0.383,薄弱,薄弱,0.0050000000000000044
002005,2022,0.368,0.363,薄弱,薄弱,0.0050000000000000044
002005,2023,0.282,0.264,薄弱,薄弱,0.01799999999999996
002026,2018,0.538,0.556,蓄力,蓄力,0.018000000000000016
002026,2019,0.494,0.513,蓄力,蓄力,0.019000000000000017
002026,2020,0.624,0.63,蓄力,蓄力,0.006000000000000005
002026,2021,0.65,0.657,蓄力,蓄力,0.007000000000000006
002026,2022,0.619,0.613,蓄力,蓄力,0.006000000000000005
002026,2023,0.601,0.574,蓄力,蓄力,0.027000000000000024
002028,2018,0.745,0.769,就绪,就绪,0.02400000000000002
002028,2019,0.779,0.777,就绪,就绪,0.0020000000000000018
002028,2020,0.821,0.821,就绪,就绪,0.0
002028,2021,0.836,0.845,就绪,就绪,0.009000000000000008
002028,2022,0.831,0.833,就绪,就绪,0.0020000000000000018
002028,2023,0.836,0.837,就绪,就绪,0.0010000000000000009
002032,2018,0.633,0.65,蓄力,蓄力,0.017000000000000015
002032,2019,0.66,0.661,蓄力,蓄力,0.0010000000000000009
002032,2020,0.657,0.655,蓄力,蓄力,0.0020000000000000018
002032,2021,0.638,0.643,蓄力,蓄力,0.0050000000000000044
002032,2022,0.643,0.644,蓄力,蓄力,0.0010000000000000009
002032,2023,0.615,0.608,蓄力,蓄力,0.007000000000000006
002035,2018,0.559,0.563,蓄力,蓄力,0.0039999999999998925
002035,2019,0.586,0.578,蓄力,蓄力,0.008000000000000007
002035,2020,0.584,0.568,蓄力,蓄力,0.016000000000000014
002035,2021,0.501,0.51,蓄力,蓄力,0.009000000000000008
002035,2022,0.489,0.492,蓄力,蓄力,0.0030000000000000027
002035,2023,0.54,0.543,蓄力,蓄力,0.0030000000000000027
002056,2018,0.758,0.782,就绪,就绪,0.02400000000000002
002056,2019,0.725,0.735,就绪,就绪,0.010000000000000009
002056,2020,0.746,0.747,就绪,就绪,0.0010000000000000009
002056,2021,0.721,0.728,就绪,就绪,0.007000000000000006
002056,2022,0.718,0.714,就绪,就绪,0.0040000000000000036
002056,2023,0.727,0.718,就绪,就绪,0.009000000000000008
002074,2018,0.584,0.602,蓄力,蓄力,0.018000000000000016
002074,2019,0.53,0.527,蓄力,蓄力,0.0030000000000000027
002074,2020,0.573,0.565,蓄力,蓄力,0.008000000000000007
002074,2021,0.575,0.583,蓄力,蓄力,0.008000000000000007
002074,2022,0.583,0.583,蓄力,蓄力,0.0
002074,2023,0.612,0.608,蓄力,蓄力,0.0040000000000000036
002076,2018,0.364,0.38,薄弱,薄弱,0.016000000000000014
002076,2019,0.287,0.295,薄弱,薄弱,0.008000000000000007
002076,2020,0.403,0.396,蓄力,薄弱,0.007000000000000006
002076,2021,0.263,0.27,薄弱,薄弱,0.007000000000000006
002076,2022,0.372,0.376,薄弱,薄弱,0.0040000000000000036
002076,2023,0.333,0.337,薄弱,薄弱,0.0040000000000000036
002090,2018,0.573,0.587,蓄力,蓄力,0.014000000000000012
002090,2019,0.519,0.53,蓄力,蓄力,0.01100000000000001
002090,2020,0.481,0.476,蓄力,蓄力,0.0050000000000000044
002090,2021,0.568,0.574,蓄力,蓄力,0.006000000000000005
002090,2022,0.472,0.469,蓄力,蓄力,0.0030000000000000027
002090,2023,0.459,0.45,蓄力,蓄力,0.009000000000000008
002112,2018,0.259,0.277,薄弱,薄弱,0.018000000000000016
002112,2019,0.261,0.253,薄弱,薄弱,0.008000000000000007
002112,2020,0.298,0.284,薄弱,薄弱,0.014000000000000012
002112,2021,0.254,0.26,薄弱,薄弱,0.006000000000000005
002112,2022,0.275,0.275,薄弱,薄弱,0.0
002112,2023,0.319,0.31,薄弱,薄弱,0.009000000000000008
002129,2018,0.484,0.506,蓄力,蓄力,0.02200000000000002
002129,2019,0.536,0.543,蓄力,蓄力,0.007000000000000006
002129,2020,0.542,0.537,蓄力,蓄力,0.0050000000000000044
002129,2021,0.638,0.642,蓄力,蓄力,0.0040000000000000036
002129,2022,0.634,0.632,蓄力,蓄力,0.0020000000000000018
002129,2023,0.617,0.605,蓄力,蓄力,0.01200000000000001
002137,2018,0.456,0.483,蓄力,蓄力,0.02699999999999997
002137,2019,0.597,0.612,蓄力,蓄力,0.015000000000000013
002137,2020,0.56,0.571,蓄力,蓄力,0.010999999999999899
002137,2021,0.506,0.511,蓄力,蓄力,0.0050000000000000044
002137,2022,0.666,0.653,蓄力,蓄力,0.013000000000000012
002137,2023,0.567,0.542,蓄力,蓄力,0.02499999999999991
002139,2018,0.59,0.613,蓄力,蓄力,0.02300000000000002
002139,2019,0.628,0.624,蓄力,蓄力,0.0040000000000000036
002139,2020,0.682,0.678,蓄力,蓄力,0.0040000000000000036
002139,2021,0.704,0.705,就绪,就绪,0.0010000000000000009
002139,2022,0.719,0.726,就绪,就绪,0.007000000000000006
002139,2023,0.717,0.716,就绪,就绪,0.0010000000000000009
002141,2018,0.466,0.496,蓄力,蓄力,0.02999999999999997
002141,2019,0.504,0.526,蓄力,蓄力,0.02200000000000002
002141,2020,0.447,0.448,蓄力,蓄力,0.0010000000000000009
002141,2021,0.534,0.539,蓄力,蓄力,0.0050000000000000044
002141,2022,0.726,0.718,就绪,就绪,0.008000000000000007
002141,2023,0.54,0.524,蓄力,蓄力,0.016000000000000014
002150,2018,0.456,0.458,蓄力,蓄力,0.0020000000000000018
002150,2019,0.471,0.472,蓄力,蓄力,0.0010000000000000009
002150,2020,0.509,0.512,蓄力,蓄力,0.0030000000000000027
002150,2021,0.508,0.52,蓄力,蓄力,0.01200000000000001
002150,2022,0.527,0.52,蓄力,蓄力,0.007000000000000006
002150,2023,0.486,0.48,蓄力,蓄力,0.006000000000000005
002168,2018,0.575,0.59,蓄力,蓄力,0.015000000000000013
002168,2019,0.406,0.42,蓄力,蓄力,0.013999999999999957
002168,2020,0.405,0.406,蓄力,蓄力,0.0010000000000000009
002168,2021,0.344,0.342,薄弱,薄弱,0.0019999999999999463
002168,2022,0.322,0.318,薄弱,薄弱,0.0040000000000000036
002168,2023,0.313,0.296,薄弱,薄弱,0.017000000000000015
002169,2018,0.422,0.437,蓄力,蓄力,0.015000000000000013
002169,2019,0.44,0.44,蓄力,蓄力,0.0
002169,2020,0.542,0.529,蓄力,蓄力,0.013000000000000012
002169,2021,0.557,0.568,蓄力,蓄力,0.010999999999999899
002169,2022,0.49,0.493,蓄力,蓄力,0.0030000000000000027
002169,2023,0.439,0.435,蓄力,蓄力,0.0040000000000000036
002184,2018,0.408,0.431,蓄力,蓄力,0.02300000000000002
002184,2019,0.431,0.441,蓄力,蓄力,0.010000000000000009
002184,2020,0.479,0.467,蓄力,蓄力,0.011999999999999955
002184,2021,0.482,0.492,蓄力,蓄力,0.010000000000000009
002184,2022,0.453,0.454,蓄力,蓄力,0.0010000000000000009
002184,2023,0.391,0.388,薄弱,薄弱,0.0030000000000000027
002196,2018,0.477,0.499,蓄力,蓄力,0.02200000000000002
002196,2019,0.547,0.557,蓄力,蓄力,0.010000000000000009
002196,2020,0.489,0.487,蓄力,蓄力,0.0020000000000000018
002196,2021,0.467,0.47,蓄力,蓄力,0.002999999999999947
002196,2022,0.44,0.438,蓄力,蓄力,0.0020000000000000018
002196,2023,0.467,0.449,蓄力,蓄力,0.018000000000000016
002218,2018,0.436,0.446,蓄力,蓄力,0.010000000000000009
002218,2019,0.447,0.453,蓄力,蓄力,0.006000000000000005
002218,2020,0.476,0.469,蓄力,蓄力,0.007000000000000006
002218,2021,0.547,0.549,蓄力,蓄力,0.0020000000000000018
002218,2022,0.522,0.514,蓄力,蓄力,0.008000000000000007
002218,2023,0.499,0.482,蓄力,蓄力,0.017000000000000015
002227,2018,0.535,0.556,蓄力,蓄力,0.02100000000000002
002227,2019,0.51,0.522,蓄力,蓄力,0.01200000000000001
002227,2020,0.501,0.5,蓄力,蓄力,0.0010000000000000009
002227,2021,0.521,0.532,蓄力,蓄力,0.01100000000000001
002227,2022,0.541,0.534,蓄力,蓄力,0.007000000000000006
002227,2023,0.532,0.503,蓄力,蓄力,0.029000000000000026
002242,2018,0.647,0.666,蓄力,蓄力,0.019000000000000017
002242,2019,0.608,0.621,蓄力,蓄力,0.013000000000000012
002242,2020,0.588,0.589,蓄力,蓄力,0.0010000000000000009
002242,2021,0.579,0.582,蓄力,蓄力,0.0030000000000000027
002242,2022,0.569,0.559,蓄力,蓄力,0.009999999999999898
002242,2023,0.55,0.543,蓄力,蓄力,0.007000000000000006
002245,2018,0.608,0.634,蓄力,蓄力,0.026000000000000023
002245,2019,0.491,0.507,蓄力,蓄力,0.016000000000000014
002245,2020,0.54,0.531,蓄力,蓄力,0.009000000000000008
002245,2021,0.619,0.619,蓄力,蓄力,0.0
002245,2022,0.65,0.641,蓄力,蓄力,0.009000000000000008
002245,2023,0.648,0.619,蓄力,蓄力,0.029000000000000026
002249,2018,0.539,0.552,蓄力,蓄力,0.013000000000000012
002249,2019,0.599,0.596,蓄力,蓄力,0.0030000000000000027
002249,2020,0.652,0.651,蓄力,蓄力,0.0010000000000000009
002249,2021,0.622,0.632,蓄力,蓄力,0.010000000000000009
002249,2022,0.653,0.651,蓄力,蓄力,0.0020000000000000018
002249,2023,0.683,0.674,蓄力,蓄力,0.009000000000000008
002270,2018,0.531,0.562,蓄力,蓄力,0.031000000000000028
002270,2019,0.606,0.623,蓄力,蓄力,0.017000000000000015
002270,2020,0.697,0.698,蓄力,蓄力,0.0010000000000000009
002270,2021,0.731,0.738,就绪,就绪,0.007000000000000006
002270,2022,0.727,0.72,就绪,就绪,0.007000000000000006
002270,2023,0.745,0.734,就绪,就绪,0.01100000000000001
002276,2018,0.557,0.587,蓄力,蓄力,0.029999999999999916
002276,2019,0.627,0.642,蓄力,蓄力,0.015000000000000013
002276,2020,0.614,0.612,蓄力,蓄力,0.0020000000000000018
002276,2021,0.57,0.576,蓄力,蓄力,0.006000000000000005
002276,2022,0.572,0.566,蓄力,蓄力,0.006000000000000005
002276,2023,0.564,0.546,蓄力,蓄力,0.017999999999999905
002290,2018,0.382,0.405,薄弱,蓄力,0.02300000000000002
002290,2019,0.26,0.276,薄弱,薄弱,0.016000000000000014
002290,2020,0.292,0.28,薄弱,薄弱,0.011999999999999955
002290,2021,0.326,0.327,薄弱,薄弱,0.0010000000000000009
002290,2022,0.33,0.33,薄弱,薄弱,0.0
002290,2023,0.328,0.324,薄弱,薄弱,0.0040000000000000036
002296,2018,0.528,0.545,蓄力,蓄力,0.017000000000000015
002296,2019,0.557,0.569,蓄力,蓄力,0.0119999999999999
002296,2020,0.56,0.549,蓄力,蓄力,0.01100000000000001
002296,2021,0.583,0.59,蓄力,蓄力,0.007000000000000006
002296,2022,0.561,0.563,蓄力,蓄力,0.0019999999999998908
002296,2023,0.585,0.578,蓄力,蓄力,0.007000000000000006
002298,2018,0.563,0.584,蓄力,蓄力,0.02100000000000002
002298,2019,0.562,0.57,蓄力,蓄力,0.007999999999999896
002298,2020,0.556,0.551,蓄力,蓄力,0.0050000000000000044
002298,2021,0.564,0.571,蓄力,蓄力,0.007000000000000006
002298,2022,0.496,0.496,蓄力,蓄力,0.0
002298,2023,0.454,0.443,蓄力,蓄力,0.01100000000000001
002300,2018,0.406,0.428,蓄力,蓄力,0.021999999999999964
002300,2019,0.419,0.424,蓄力,蓄力,0.0050000000000000044
002300,2020,0.433,0.421,蓄力,蓄力,0.01200000000000001
002300,2021,0.369,0.373,薄弱,薄弱,0.0040000000000000036
002300,2022,0.378,0.378,薄弱,薄弱,0.0
002300,2023,0.37,0.37,薄弱,薄弱,0.0
002309,2018,0.547,0.562,蓄力,蓄力,0.015000000000000013
002309,2019,0.609,0.609,蓄力,蓄力,0.0
002309,2020,0.504,0.498,蓄力,蓄力,0.006000000000000005
002309,2021,0.518,0.519,蓄力,蓄力,0.0010000000000000009
002309,2022,0.472,0.467,蓄力,蓄力,0.004999999999999949
002309,2023,0.446,0.439,蓄力,蓄力,0.007000000000000006
002334,2018,0.648,0.67,蓄力,蓄力,0.02200000000000002
002334,2019,0.514,0.528,蓄力,蓄力,0.014000000000000012
002334,2020,0.606,0.607,蓄力,蓄力,0.0010000000000000009
002334,2021,0.634,0.633,蓄力,蓄力,0.0010000000000000009
002334,2022,0.636,0.629,蓄力,蓄力,0.007000000000000006
002334,2023,0.675,0.672,蓄力,蓄力,0.0030000000000000027
002335,2018,0.527,0.558,蓄力,蓄力,0.031000000000000028
002335,2019,0.574,0.594,蓄力,蓄力,0.020000000000000018
002335,2020,0.591,0.584,蓄力,蓄力,0.007000000000000006
002335,2021,0.59,0.594,蓄力,蓄力,0.0040000000000000036
002335,2022,0.56,0.554,蓄力,蓄力,0.006000000000000005
002335,2023,0.61,0.599,蓄力,蓄力,0.01100000000000001
002339,2018,0.482,0.493,蓄力,蓄力,0.01100000000000001
002339,2019,0.531,0.53,蓄力,蓄力,0.0010000000000000009
002339,2020,0.568,0.574,蓄力,蓄力,0.006000000000000005
002339,2021,0.529,0.544,蓄力,蓄力,0.015000000000000013
002339,2022,0.521,0.521,蓄力,蓄力,0.0
002339,2023,0.563,0.538,蓄力,蓄力,0.02499999999999991
002346,2018,0.407,0.424,蓄力,蓄力,0.017000000000000015
002346,2019,0.42,0.429,蓄力,蓄力,0.009000000000000008
002346,2020,0.474,0.461,蓄力,蓄力,0.012999999999999956
002346,2021,0.582,0.595,蓄力,蓄力,0.013000000000000012
002346,2022,0.509,0.51,蓄力,蓄力,0.0010000000000000009
002346,2023,0.457,0.456,蓄力,蓄力,0.0010000000000000009
002350,2018,0.465,0.481,蓄力,蓄力,0.01599999999999996
002350,2019,0.497,0.502,蓄力,蓄力,0.0050000000000000044
002350,2020,0.5,0.503,蓄力,蓄力,0.0030000000000000027
002350,2021,0.513,0.523,蓄力,蓄力,0.010000000000000009
002350,2022,0.45,0.451,蓄力,蓄力,0.0010000000000000009
002350,2023,0.428,0.405,蓄力,蓄力,0.022999999999999965
002358,2018,0.483,0.495,蓄力,蓄力,0.01200000000000001
002358,2019,0.502,0.496,蓄力,蓄力,0.006000000000000005
002358,2020,0.445,0.435,蓄力,蓄力,0.010000000000000009
002358,2021,0.461,0.468,蓄力,蓄力,0.007000000000000006
002358,2022,0.454,0.457,蓄力,蓄力,0.0030000000000000027
002358,2023,0.405,0.396,蓄力,薄弱,0.009000000000000008
002364,2018,0.642,0.669,蓄力,蓄力,0.027000000000000024
002364,2019,0.641,0.665,蓄力,蓄力,0.02400000000000002
002364,2020,0.587,0.59,蓄力,蓄力,0.0030000000000000027
002364,2021,0.599,0.604,蓄力,蓄力,0.0050000000000000044
002364,2022,0.581,0.577,蓄力,蓄力,0.0040000000000000036
002364,2023,0.61,0.582,蓄力,蓄力,0.028000000000000025
002451,2018,0.283,0.306,薄弱,薄弱,0.02300000000000002
002451,2019,0.378,0.389,薄弱,薄弱,0.01100000000000001
002451,2020,0.358,0.349,薄弱,薄弱,0.009000000000000008
002451,2021,0.35,0.363,薄弱,薄弱,0.013000000000000012
002451,2022,0.332,0.328,薄弱,薄弱,0.0040000000000000036
002451,2023,0.303,0.29,薄弱,薄弱,0.013000000000000012
002452,2018,0.377,0.396,薄弱,薄弱,0.019000000000000017
002452,2019,0.461,0.467,蓄力,蓄力,0.006000000000000005
002452,2020,0.45,0.436,蓄力,蓄力,0.014000000000000012
002452,2021,0.569,0.577,蓄力,蓄力,0.008000000000000007
002452,2022,0.493,0.487,蓄力,蓄力,0.006000000000000005
002452,2023,0.541,0.532,蓄力,蓄力,0.009000000000000008
002459,2018,0.448,0.477,蓄力,蓄力,0.02899999999999997
002459,2019,0.583,0.583,蓄力,蓄力,0.0
002459,2020,0.612,0.601,蓄力,蓄力,0.01100000000000001
002459,2021,0.578,0.571,蓄力,蓄力,0.007000000000000006
002459,2022,0.671,0.669,蓄力,蓄力,0.0020000000000000018
002459,2023,0.642,0.659,蓄力,蓄力,0.017000000000000015
002471,2018,0.38,0.4,薄弱,蓄力,0.020000000000000018
002471,2019,0.341,0.343,薄弱,薄弱,0.0020000000000000018
002471,2020,0.363,0.356,薄弱,薄弱,0.007000000000000006
002471,2021,0.36,0.366,薄弱,薄弱,0.006000000000000005
002471,2022,0.343,0.346,薄弱,薄弱,0.002999999999999947
002471,2023,0.411,0.408,蓄力,蓄力,0.0030000000000000027
002491,2018,0.526,0.552,蓄力,蓄力,0.026000000000000023
002491,2019,0.411,0.428,蓄力,蓄力,0.017000000000000015
002491,2020,0.433,0.43,蓄力,蓄力,0.0030000000000000027
002491,2021,0.395,0.407,薄弱,蓄力,0.011999999999999955
002491,2022,0.437,0.43,蓄力,蓄力,0.007000000000000006
002491,2023,0.481,0.457,蓄力,蓄力,0.023999999999999966
002498,2018,0.618,0.649,蓄力,蓄力,0.031000000000000028
002498,2019,0.757,0.761,就绪,就绪,0.0040000000000000036
002498,2020,0.764,0.762,就绪,就绪,0.0020000000000000018
002498,2021,0.791,0.795,就绪,就绪,0.0040000000000000036
002498,2022,0.775,0.769,就绪,就绪,0.006000000000000005
002498,2023,0.773,0.764,就绪,就绪,0.009000000000000008
002506,2018,0.487,0.504,蓄力,蓄力,0.017000000000000015
002506,2019,0.502,0.501,蓄力,蓄力,0.0010000000000000009
002506,2020,0.471,0.465,蓄力,蓄力,0.00599999999999995
002506,2021,0.461,0.461,蓄力,蓄力,0.0
002506,2022,0.453,0.453,蓄力,蓄力,0.0
002506,2023,0.445,0.441,蓄力,蓄力,0.0040000000000000036
002508,2018,0.64,0.645,蓄力,蓄力,0.0050000000000000044
002508,2019,0.642,0.648,蓄力,蓄力,0.006000000000000005
002508,2020,0.634,0.636,蓄力,蓄力,0.0020000000000000018
002508,2021,0.617,0.63,蓄力,蓄力,0.013000000000000012
002508,2022,0.636,0.633,蓄力,蓄力,0.0030000000000000027
002508,2023,0.685,0.668,蓄力,蓄力,0.017000000000000015
002513,2018,0.346,0.361,薄弱,薄弱,0.015000000000000013
002513,2019,0.301,0.306,薄弱,薄弱,0.0050000000000000044
002513,2020,0.291,0.282,薄弱,薄弱,0.009000000000000008
002513,2021,0.181,0.188,薄弱,薄弱,0.007000000000000006
002513,2022,0.152,0.148,薄弱,薄弱,0.0040000000000000036
002513,2023,0.227,0.223,薄弱,薄弱,0.0040000000000000036
002518,2018,0.687,0.705,蓄力,就绪,0.017999999999999905
002518,2019,0.742,0.743,就绪,就绪,0.0010000000000000009
002518,2020,0.76,0.761,就绪,就绪,0.0010000000000000009
002518,2021,0.732,0.737,就绪,就绪,0.0050000000000000044
002518,2022,0.695,0.692,蓄力,蓄力,0.0030000000000000027
002518,2023,0.741,0.726,就绪,就绪,0.015000000000000013
002531,2018,0.479,0.497,蓄力,蓄力,0.018000000000000016
002531,2019,0.541,0.549,蓄力,蓄力,0.008000000000000007
002531,2020,0.574,0.568,蓄力,蓄力,0.006000000000000005
002531,2021,0.58,0.588,蓄力,蓄力,0.008000000000000007
002531,2022,0.486,0.487,蓄力,蓄力,0.0010000000000000009
002531,2023,0.471,0.457,蓄力,蓄力,0.013999999999999957
002533,2018,0.573,0.606,蓄力,蓄力,0.03300000000000003
002533,2019,0.548,0.562,蓄力,蓄力,0.014000000000000012
002533,2020,0.567,0.56,蓄力,蓄力,0.006999999999999895
002533,2021,0.53,0.533,蓄力,蓄力,0.0030000000000000027
002533,2022,0.548,0.551,蓄力,蓄力,0.0030000000000000027
002533,2023,0.535,0.541,蓄力,蓄力,0.006000000000000005
002543,2018,0.566,0.588,蓄力,蓄力,0.02200000000000002
002543,2019,0.65,0.648,蓄力,蓄力,0.0020000000000000018
002543,2020,0.606,0.598,蓄力,蓄力,0.008000000000000007
002543,2021,0.543,0.541,蓄力,蓄力,0.0020000000000000018
002543,2022,0.626,0.618,蓄力,蓄力,0.008000000000000007
002543,2023,0.629,0.623,蓄力,蓄力,0.006000000000000005
002560,2018,0.321,0.331,薄弱,薄弱,0.010000000000000009
002560,2019,0.398,0.403,薄弱,蓄力,0.0050000000000000044
002560,2020,0.447,0.443,蓄力,蓄力,0.0040000000000000036
002560,2021,0.404,0.416,蓄力,蓄力,0.011999999999999955
002560,2022,0.388,0.386,薄弱,薄弱,0.0020000000000000018
002560,2023,0.424,0.415,蓄力,蓄力,0.009000000000000008
002576,2018,0.354,0.375,薄弱,薄弱,0.02100000000000002
002576,2019,0.356,0.365,薄弱,薄弱,0.009000000000000008
002576,2020,0.425,0.407,蓄力,蓄力,0.018000000000000016
002576,2021,0.387,0.39,薄弱,薄弱,0.0030000000000000027
002576,2022,0.385,0.378,薄弱,薄弱,0.007000000000000006
002576,2023,0.453,0.45,蓄力,蓄力,0.0030000000000000027
002580,2018,0.446,0.468,蓄力,蓄力,0.02200000000000002
002580,2019,0.46,0.478,蓄力,蓄力,0.01799999999999996
002580,2020,0.548,0.557,蓄力,蓄力,0.009000000000000008
002580,2021,0.515,0.522,蓄力,蓄力,0.007000000000000006
002580,2022,0.577,0.572,蓄力,蓄力,0.0050000000000000044
002580,2023,0.6,0.585,蓄力,蓄力,0.015000000000000013
002606,2018,0.386,0.397,薄弱,薄弱,0.01100000000000001
002606,2019,0.471,0.484,蓄力,蓄力,0.013000000000000012
002606,2020,0.519,0.506,蓄力,蓄力,0.013000000000000012
002606,2021,0.562,0.574,蓄力,蓄力,0.0119999999999999
002606,2022,0.535,0.53,蓄力,蓄力,0.0050000000000000044
002606,2023,0.462,0.441,蓄力,蓄力,0.02100000000000002
002614,2018,0.582,0.598,蓄力,蓄力,0.016000000000000014
002614,2019,0.586,0.578,蓄力,蓄力,0.008000000000000007
002614,2020,0.662,0.649,蓄力,蓄力,0.013000000000000012
002614,2021,0.667,0.666,蓄力,蓄力,0.0010000000000000009
002614,2022,0.62,0.616,蓄力,蓄力,0.0040000000000000036
002614,2023,0.642,0.629,蓄力,蓄力,0.013000000000000012
002617,2018,0.248,0.259,薄弱,薄弱,0.01100000000000001
002617,2019,0.378,0.388,薄弱,薄弱,0.010000000000000009
002617,2020,0.365,0.355,薄弱,薄弱,0.010000000000000009
002617,2021,0.345,0.353,薄弱,薄弱,0.008000000000000007
002617,2022,0.43,0.427,蓄力,蓄力,0.0030000000000000027
002617,2023,0.459,0.441,蓄力,蓄力,0.018000000000000016
002638,2018,0.471,0.493,蓄力,蓄力,0.02200000000000002
002638,2019,0.505,0.515,蓄力,蓄力,0.010000000000000009
002638,2020,0.529,0.537,蓄力,蓄力,0.008000000000000007
002638,2021,0.469,0.469,蓄力,蓄力,0.0
002638,2022,0.521,0.51,蓄力,蓄力,0.01100000000000001
002638,2023,0.472,0.446,蓄力,蓄力,0.025999999999999968
002668,2018,0.427,0.454,蓄力,蓄力,0.027000000000000024
002668,2019,0.426,0.442,蓄力,蓄力,0.016000000000000014
002668,2020,0.401,0.4,蓄力,蓄力,0.0010000000000000009
002668,2021,0.491,0.49,蓄力,蓄力,0.0010000000000000009
002668,2022,0.555,0.55,蓄力,蓄力,0.0050000000000000044
002668,2023,0.546,0.528,蓄力,蓄力,0.018000000000000016
002677,2018,0.639,0.666,蓄力,蓄力,0.027000000000000024
002677,2019,0.632,0.656,蓄力,蓄力,0.02400000000000002
002677,2020,0.639,0.647,蓄力,蓄力,0.008000000000000007
002677,2021,0.644,0.646,蓄力,蓄力,0.0020000000000000018
002677,2022,0.65,0.642,蓄力,蓄力,0.008000000000000007
002677,2023,0.694,0.666,蓄力,蓄力,0.027999999999999914
002692,2018,0.343,0.37,薄弱,薄弱,0.02699999999999997
002692,2019,0.376,0.38,薄弱,薄弱,0.0040000000000000036
002692,2020,0.323,0.323,薄弱,薄弱,0.0
002692,2021,0.304,0.313,薄弱,薄弱,0.009000000000000008
002692,2022,0.33,0.33,薄弱,薄弱,0.0
002692,2023,0.323,0.314,薄弱,薄弱,0.009000000000000008
002705,2018,0.635,0.652,蓄力,蓄力,0.017000000000000015
002705,2019,0.673,0.681,蓄力,蓄力,0.008000000000000007
002705,2020,0.655,0.653,蓄力,蓄力,0.0020000000000000018
002705,2021,0.628,0.624,蓄力,蓄力,0.0040000000000000036
002705,2022,0.694,0.691,蓄力,蓄力,0.0030000000000000027
002705,2023,0.724,0.731,就绪,就绪,0.007000000000000006
002706,2018,0.665,0.671,蓄力,蓄力,0.006000000000000005
002706,2019,0.669,0.667,蓄力,蓄力,0.0020000000000000018
002706,2020,0.635,0.637,蓄力,蓄力,0.0020000000000000018
002706,2021,0.601,0.611,蓄力,蓄力,0.010000000000000009
002706,2022,0.64,0.645,蓄力,蓄力,0.0050000000000000044
002706,2023,0.668,0.665,蓄力,蓄力,0.0030000000000000027
002723,2018,0.385,0.418,薄弱,蓄力,0.032999999999999974
002723,2019,0.391,0.41,薄弱,蓄力,0.01899999999999996
002723,2020,0.322,0.323,薄弱,薄弱,0.0010000000000000009
002723,2021,0.371,0.386,薄弱,薄弱,0.015000000000000013
002723,2022,0.348,0.337,薄弱,薄弱,0.010999999999999954
002723,2023,0.387,0.37,薄弱,薄弱,0.017000000000000015
002724,2018,0.717,0.737,就绪,就绪,0.020000000000000018
002724,2019,0.711,0.729,就绪,就绪,0.018000000000000016
002724,2020,0.703,0.712,就绪,就绪,0.009000000000000008
002724,2021,0.732,0.742,就绪,就绪,0.010000000000000009
002724,2022,0.65,0.644,蓄力,蓄力,0.006000000000000005
002724,2023,0.586,0.559,蓄力,蓄力,0.026999999999999913
002733,2018,0.52,0.537,蓄力,蓄力,0.017000000000000015
002733,2019,0.555,0.561,蓄力,蓄力,0.006000000000000005
002733,2020,0.532,0.53,蓄力,蓄力,0.0020000000000000018
002733,2021,0.454,0.446,蓄力,蓄力,0.008000000000000007
002733,2022,0.521,0.519,蓄力,蓄力,0.0020000000000000018
002733,2023,0.573,0.559,蓄力,蓄力,0.013999999999999901
002745,2018,0.541,0.568,蓄力,蓄力,0.026999999999999913
002745,2019,0.501,0.514,蓄力,蓄力,0.013000000000000012
002745,2020,0.519,0.517,蓄力,蓄力,0.0020000000000000018
002745,2021,0.533,0.519,蓄力,蓄力,0.014000000000000012
002745,2022,0.533,0.533,蓄力,蓄力,0.0
002745,2023,0.575,0.56,蓄力,蓄力,0.014999999999999902
002801,2018,0.602,0.615,蓄力,蓄力,0.013000000000000012
002801,2019,0.606,0.611,蓄力,蓄力,0.0050000000000000044
002801,2020,0.618,0.623,蓄力,蓄力,0.0050000000000000044
002801,2021,0.615,0.623,蓄力,蓄力,0.008000000000000007
002801,2022,0.672,0.661,蓄力,蓄力,0.01100000000000001
002801,2023,0.641,0.617,蓄力,蓄力,0.02400000000000002
002823,2018,0.532,0.557,蓄力,蓄力,0.025000000000000022
002823,2019,0.517,0.529,蓄力,蓄力,0.01200000000000001
002823,2020,0.521,0.521,蓄力,蓄力,0.0
002823,2021,0.425,0.426,蓄力,蓄力,0.0010000000000000009
002823,2022,0.449,0.447,蓄力,蓄力,0.0020000000000000018
002823,2023,0.465,0.458,蓄力,蓄力,0.007000000000000006
002851,2018,0.649,0.653,蓄力,蓄力,0.0040000000000000036
002851,2019,0.677,0.677,蓄力,蓄力,0.0
002851,2020,0.746,0.744,就绪,就绪,0.0020000000000000018
002851,2021,0.726,0.731,就绪,就绪,0.0050000000000000044
002851,2022,0.705,0.702,就绪,就绪,0.0030000000000000027
002851,2023,0.711,0.716,就绪,就绪,0.0050000000000000044
002860,2018,0.523,0.535,蓄力,蓄力,0.01200000000000001
002860,2019,0.542,0.554,蓄力,蓄力,0.01200000000000001
002860,2020,0.449,0.441,蓄力,蓄力,0.008000000000000007
002860,2021,0.471,0.473,蓄力,蓄力,0.0020000000000000018
002860,2022,0.405,0.407,蓄力,蓄力,0.0019999999999999463
002860,2023,0.397,0.4,薄弱,蓄力,0.0030000000000000027
002865,2018,0.337,0.362,薄弱,薄弱,0.024999999999999967
002865,2019,0.362,0.363,薄弱,薄弱,0.0010000000000000009
002865,2020,0.388,0.385,薄弱,薄弱,0.0030000000000000027
002865,2021,0.319,0.33,薄弱,薄弱,0.01100000000000001
002865,2022,0.416,0.417,蓄力,蓄力,0.0010000000000000009
002865,2023,0.383,0.381,薄弱,薄弱,0.0020000000000000018
002879,2018,0.571,0.585,蓄力,蓄力,0.014000000000000012
002879,2019,0.589,0.587,蓄力,蓄力,0.0020000000000000018
002879,2020,0.579,0.575,蓄力,蓄力,0.0040000000000000036
002879,2021,0.568,0.577,蓄力,蓄力,0.009000000000000008
002879,2022,0.492,0.486,蓄力,蓄力,0.006000000000000005
002879,2023,0.528,0.508,蓄力,蓄力,0.020000000000000018
002882,2018,0.54,0.556,蓄力,蓄力,0.016000000000000014
002882,2019,0.575,0.589,蓄力,蓄力,0.014000000000000012
002882,2020,0.53,0.524,蓄力,蓄力,0.006000000000000005
002882,2021,0.415,0.426,蓄力,蓄力,0.01100000000000001
002882,2022,0.543,0.54,蓄力,蓄力,0.0030000000000000027
002882,2023,0.488,0.47,蓄力,蓄力,0.018000000000000016
002892,2018,0.529,0.535,蓄力,蓄力,0.006000000000000005
002892,2019,0.529,0.526,蓄力,蓄力,0.0030000000000000027
002892,2020,0.54,0.537,蓄力,蓄力,0.0030000000000000027
002892,2021,0.517,0.523,蓄力,蓄力,0.006000000000000005
002892,2022,0.507,0.506,蓄力,蓄力,0.0010000000000000009
002892,2023,0.548,0.521,蓄力,蓄力,0.027000000000000024
002897,2018,0.555,0.583,蓄力,蓄力,0.027999999999999914
002897,2019,0.476,0.484,蓄力,蓄力,0.008000000000000007
002897,2020,0.512,0.502,蓄力,蓄力,0.010000000000000009
002897,2021,0.44,0.439,蓄力,蓄力,0.0010000000000000009
002897,2022,0.511,0.505,蓄力,蓄力,0.006000000000000005
002897,2023,0.469,0.455,蓄力,蓄力,0.013999999999999957
002922,2018,0.576,0.598,蓄力,蓄力,0.02200000000000002
002922,2019,0.582,0.606,蓄力,蓄力,0.02400000000000002
002922,2020,0.573,0.583,蓄力,蓄力,0.010000000000000009
002922,2021,0.628,0.636,蓄力,蓄力,0.008000000000000007
002922,2022,0.59,0.589,蓄力,蓄力,0.0010000000000000009
002922,2023,0.633,0.62,蓄力,蓄力,0.013000000000000012
002927,2018,0.601,0.604,蓄力,蓄力,0.0030000000000000027
002927,2019,0.542,0.538,蓄力,蓄力,0.0040000000000000036
002927,2020,0.542,0.533,蓄力,蓄力,0.009000000000000008
002927,2021,0.562,0.568,蓄力,蓄力,0.005999999999999894
002927,2022,0.525,0.528,蓄力,蓄力,0.0030000000000000027
002927,2023,0.517,0.507,蓄力,蓄力,0.010000000000000009
002953,2019,0.557,0.567,蓄力,蓄力,0.009999999999999898
002953,2020,0.512,0.507,蓄力,蓄力,0.0050000000000000044
002953,2021,0.425,0.426,蓄力,蓄力,0.0010000000000000009
002953,2022,0.404,0.396,蓄力,薄弱,0.008000000000000007
002953,2023,0.47,0.451,蓄力,蓄力,0.01899999999999996
002959,2019,0.49,0.491,蓄力,蓄力,0.0010000000000000009
002959,2020,0.533,0.532,蓄力,蓄力,0.0010000000000000009
002959,2021,0.547,0.553,蓄力,蓄力,0.006000000000000005
002959,2022,0.528,0.522,蓄力,蓄力,0.006000000000000005
002959,2023,0.551,0.551,蓄力,蓄力,0.0
003021,2020,0.687,0.689,蓄力,蓄力,0.0019999999999998908
003021,2021,0.671,0.669,蓄力,蓄力,0.0020000000000000018
003021,2022,0.667,0.662,蓄力,蓄力,0.0050000000000000044
003021,2023,0.657,0.639,蓄力,蓄力,0.018000000000000016
003023,2020,0.48,0.465,蓄力,蓄力,0.014999999999999958
003023,2021,0.499,0.498,蓄力,蓄力,0.0010000000000000009
003023,2022,0.48,0.478,蓄力,蓄力,0.0020000000000000018
003023,2023,0.483,0.479,蓄力,蓄力,0.0040000000000000036
300001,2018,0.581,0.604,蓄力,蓄力,0.02300000000000002
300001,2019,0.61,0.617,蓄力,蓄力,0.007000000000000006
300001,2020,0.535,0.54,蓄力,蓄力,0.0050000000000000044
300001,2021,0.476,0.492,蓄力,蓄力,0.016000000000000014
300001,2022,0.458,0.451,蓄力,蓄力,0.007000000000000006
300001,2023,0.462,0.451,蓄力,蓄力,0.01100000000000001
300014,2018,0.606,0.621,蓄力,蓄力,0.015000000000000013
300014,2019,0.7,0.706,就绪,就绪,0.006000000000000005
300014,2020,0.751,0.744,就绪,就绪,0.007000000000000006
300014,2021,0.698,0.696,蓄力,蓄力,0.0020000000000000018
300014,2022,0.655,0.654,蓄力,蓄力,0.0010000000000000009
300014,2023,0.679,0.678,蓄力,蓄力,0.0010000000000000009
300018,2018,0.5,0.508,蓄力,蓄力,0.008000000000000007
300018,2019,0.588,0.601,蓄力,蓄力,0.013000000000000012
300018,2020,0.592,0.584,蓄力,蓄力,0.008000000000000007
300018,2021,0.634,0.64,蓄力,蓄力,0.006000000000000005
300018,2022,0.533,0.528,蓄力,蓄力,0.0050000000000000044
300018,2023,0.603,0.592,蓄力,蓄力,0.01100000000000001
300032,2018,0.444,0.464,蓄力,蓄力,0.020000000000000018
300032,2019,0.447,0.469,蓄力,蓄力,0.021999999999999964
300032,2020,0.406,0.407,蓄力,蓄力,0.0009999999999999454
300032,2021,0.402,0.409,蓄力,蓄力,0.006999999999999951
300032,2022,0.363,0.355,薄弱,薄弱,0.008000000000000007
300032,2023,0.361,0.339,薄弱,薄弱,0.021999999999999964
300048,2018,0.476,0.485,蓄力,蓄力,0.009000000000000008
300048,2019,0.501,0.496,蓄力,蓄力,0.0050000000000000044
300048,2020,0.472,0.474,蓄力,蓄力,0.0020000000000000018
300048,2021,0.534,0.542,蓄力,蓄力,0.008000000000000007
300048,2022,0.504,0.5,蓄力,蓄力,0.0040000000000000036
300048,2023,0.434,0.427,蓄力,蓄力,0.007000000000000006
300062,2018,0.358,0.386,薄弱,薄弱,0.028000000000000025
300062,2019,0.381,0.401,薄弱,蓄力,0.020000000000000018
300062,2020,0.366,0.363,薄弱,薄弱,0.0030000000000000027
300062,2021,0.36,0.367,薄弱,薄弱,0.007000000000000006
300062,2022,0.407,0.399,蓄力,薄弱,0.007999999999999952
300062,2023,0.385,0.363,薄弱,薄弱,0.02200000000000002
300068,2018,0.528,0.543,蓄力,蓄力,0.015000000000000013
300068,2019,0.553,0.56,蓄力,蓄力,0.007000000000000006
300068,2020,0.509,0.501,蓄力,蓄力,0.008000000000000007
300068,2021,0.47,0.472,蓄力,蓄力,0.0020000000000000018
300068,2022,0.467,0.46,蓄力,蓄力,0.007000000000000006
300068,2023,0.468,0.461,蓄力,蓄力,0.007000000000000006
300069,2018,0.361,0.365,薄弱,薄弱,0.0040000000000000036
300069,2019,0.413,0.419,蓄力,蓄力,0.006000000000000005
300069,2020,0.318,0.313,薄弱,薄弱,0.0050000000000000044
300069,2021,0.275,0.288,薄弱,薄弱,0.012999999999999956
300069,2022,0.354,0.351,薄弱,薄弱,0.0030000000000000027
300069,2023,0.322,0.312,薄弱,薄弱,0.010000000000000009
300080,2018,0.277,0.296,薄弱,薄弱,0.01899999999999996
300080,2019,0.54,0.54,蓄力,蓄力,0.0
300080,2020,0.417,0.418,蓄力,蓄力,0.0010000000000000009
300080,2021,0.39,0.404,薄弱,蓄力,0.014000000000000012
300080,2022,0.448,0.447,蓄力,蓄力,0.0010000000000000009
300080,2023,0.386,0.377,薄弱,薄弱,0.009000000000000008
300093,2018,0.444,0.469,蓄力,蓄力,0.024999999999999967
300093,2019,0.406,0.416,蓄力,蓄力,0.009999999999999953
300093,2020,0.43,0.426,蓄力,蓄力,0.0040000000000000036
300093,2021,0.388,0.388,薄弱,薄弱,0.0
300093,2022,0.341,0.33,薄弱,薄弱,0.01100000000000001
300093,2023,0.362,0.326,薄弱,薄弱,0.035999999999999976
300105,2018,0.508,0.538,蓄力,蓄力,0.030000000000000027
300105,2019,0.512,0.534,蓄力,蓄力,0.02200000000000002
300105,2020,0.464,0.465,蓄力,蓄力,0.0010000000000000009
300105,2021,0.453,0.467,蓄力,蓄力,0.014000000000000012
300105,2022,0.488,0.487,蓄力,蓄力,0.0010000000000000009
300105,2023,0.447,0.432,蓄力,蓄力,0.015000000000000013
300118,2018,0.44,0.454,蓄力,蓄力,0.014000000000000012
300118,2019,0.595,0.6,蓄力,蓄力,0.0050000000000000044
300118,2020,0.635,0.634,蓄力,蓄力,0.0010000000000000009
300118,2021,0.578,0.586,蓄力,蓄力,0.008000000000000007
300118,2022,0.564,0.561,蓄力,蓄力,0.0029999999999998916
300118,2023,0.542,0.54,蓄力,蓄力,0.0020000000000000018
300124,2018,0.824,0.836,就绪,就绪,0.01200000000000001
300124,2019,0.805,0.803,就绪,就绪,0.0020000000000000018
300124,2020,0.831,0.836,就绪,就绪,0.0050000000000000044
300124,2021,0.841,0.846,就绪,就绪,0.0050000000000000044
300124,2022,0.829,0.834,就绪,就绪,0.0050000000000000044
300124,2023,0.809,0.812,就绪,就绪,0.0030000000000000027
300125,2018,0.343,0.363,薄弱,薄弱,0.019999999999999962
300125,2019,0.359,0.384,薄弱,薄弱,0.025000000000000022
300125,2020,0.344,0.347,薄弱,薄弱,0.0030000000000000027
300125,2021,0.26,0.27,薄弱,薄弱,0.010000000000000009
300125,2022,0.256,0.254,薄弱,薄弱,0.0020000000000000018
300125,2023,0.243,0.227,薄弱,薄弱,0.015999999999999986
300129,2018,0.459,0.484,蓄力,蓄力,0.024999999999999967
300129,2019,0.489,0.504,蓄力,蓄力,0.015000000000000013
300129,2020,0.596,0.593,蓄力,蓄力,0.0030000000000000027
300129,2021,0.542,0.537,蓄力,蓄力,0.0050000000000000044
300129,2022,0.559,0.554,蓄力,蓄力,0.0050000000000000044
300129,2023,0.55,0.527,蓄力,蓄力,0.02300000000000002
300141,2018,0.311,0.323,薄弱,薄弱,0.01200000000000001
300141,2019,0.334,0.336,薄弱,薄弱,0.0020000000000000018
300141,2020,0.422,0.416,蓄力,蓄力,0.006000000000000005
300141,2021,0.427,0.444,蓄力,蓄力,0.017000000000000015
300141,2022,0.363,0.359,薄弱,薄弱,0.0040000000000000036
300141,2023,0.371,0.355,薄弱,薄弱,0.016000000000000014
300153,2018,0.44,0.465,蓄力,蓄力,0.025000000000000022
300153,2019,0.433,0.444,蓄力,蓄力,0.01100000000000001
300153,2020,0.406,0.409,蓄力,蓄力,0.002999999999999947
300153,2021,0.366,0.375,薄弱,薄弱,0.009000000000000008
300153,2022,0.374,0.366,薄弱,薄弱,0.008000000000000007
300153,2023,0.384,0.359,薄弱,薄弱,0.025000000000000022
300207,2018,0.523,0.561,蓄力,蓄力,0.038000000000000034
300207,2019,0.562,0.574,蓄力,蓄力,0.0119999999999999
300207,2020,0.578,0.572,蓄力,蓄力,0.006000000000000005
300207,2021,0.577,0.581,蓄力,蓄力,0.0040000000000000036
300207,2022,0.559,0.555,蓄力,蓄力,0.0040000000000000036
300207,2023,0.598,0.598,蓄力,蓄力,0.0
300247,2018,0.53,0.55,蓄力,蓄力,0.020000000000000018
300247,2019,0.47,0.484,蓄力,蓄力,0.014000000000000012
300247,2020,0.389,0.39,薄弱,薄弱,0.0010000000000000009
300247,2021,0.462,0.463,蓄力,蓄力,0.0010000000000000009
300247,2022,0.548,0.544,蓄力,蓄力,0.0040000000000000036
300247,2023,0.459,0.435,蓄力,蓄力,0.02400000000000002
300252,2018,0.552,0.566,蓄力,蓄力,0.013999999999999901
300252,2019,0.529,0.542,蓄力,蓄力,0.013000000000000012
300252,2020,0.519,0.523,蓄力,蓄力,0.0040000000000000036
300252,2021,0.532,0.538,蓄力,蓄力,0.006000000000000005
300252,2022,0.501,0.496,蓄力,蓄力,0.0050000000000000044
300252,2023,0.531,0.527,蓄力,蓄力,0.0040000000000000036
300265,2018,0.436,0.466,蓄力,蓄力,0.030000000000000027
300265,2019,0.417,0.438,蓄力,蓄力,0.02100000000000002
300265,2020,0.488,0.487,蓄力,蓄力,0.0010000000000000009
300265,2021,0.461,0.472,蓄力,蓄力,0.010999999999999954
300265,2022,0.488,0.487,蓄力,蓄力,0.0010000000000000009
300265,2023,0.583,0.547,蓄力,蓄力,0.03599999999999992
300272,2018,0.658,0.681,蓄力,蓄力,0.02300000000000002
300272,2019,0.55,0.565,蓄力,蓄力,0.014999999999999902
300272,2020,0.523,0.523,蓄力,蓄力,0.0
300272,2021,0.573,0.572,蓄力,蓄力,0.0010000000000000009
300272,2022,0.567,0.557,蓄力,蓄力,0.009999999999999898
300272,2023,0.598,0.59,蓄力,蓄力,0.008000000000000007
300274,2018,0.681,0.698,蓄力,蓄力,0.016999999999999904
300274,2019,0.67,0.673,蓄力,蓄力,0.0030000000000000027
300274,2020,0.725,0.711,就绪,就绪,0.014000000000000012
300274,2021,0.684,0.682,蓄力,蓄力,0.0020000000000000018
300274,2022,0.681,0.683,蓄力,蓄力,0.0020000000000000018
300274,2023,0.67,0.671,蓄力,蓄力,0.0010000000000000009
300283,2018,0.317,0.348,薄弱,薄弱,0.030999999999999972
300283,2019,0.309,0.327,薄弱,薄弱,0.018000000000000016
300283,2020,0.336,0.337,薄弱,薄弱,0.0010000000000000009
300283,2021,0.35,0.345,薄弱,薄弱,0.0050000000000000044
300283,2022,0.345,0.336,薄弱,薄弱,0.008999999999999952
300283,2023,0.327,0.312,薄弱,薄弱,0.015000000000000013
300317,2018,0.291,0.315,薄弱,薄弱,0.02400000000000002
300317,2019,0.396,0.413,薄弱,蓄力,0.01699999999999996
300317,2020,0.42,0.424,蓄力,蓄力,0.0040000000000000036
300317,2021,0.397,0.4,薄弱,蓄力,0.0030000000000000027
300317,2022,0.51,0.504,蓄力,蓄力,0.006000000000000005
300317,2023,0.452,0.424,蓄力,蓄力,0.028000000000000025
300345,2018,0.482,0.49,蓄力,蓄力,0.008000000000000007
300345,2019,0.604,0.607,蓄力,蓄力,0.0030000000000000027
300345,2020,0.382,0.384,薄弱,薄弱,0.0020000000000000018
300345,2021,0.407,0.418,蓄力,蓄力,0.01100000000000001
300345,2022,0.379,0.368,薄弱,薄弱,0.01100000000000001
300345,2023,0.275,0.256,薄弱,薄弱,0.019000000000000017
300376,2018,0.563,0.584,蓄力,蓄力,0.02100000000000002
300376,2019,0.564,0.588,蓄力,蓄力,0.02400000000000002
300376,2020,0.543,0.536,蓄力,蓄力,0.007000000000000006
300376,2021,0.538,0.534,蓄力,蓄力,0.0040000000000000036
300376,2022,0.537,0.537,蓄力,蓄力,0.0
300376,2023,0.62,0.597,蓄力,蓄力,0.02300000000000002
300393,2018,0.476,0.507,蓄力,蓄力,0.031000000000000028
300393,2019,0.532,0.547,蓄力,蓄力,0.015000000000000013
300393,2020,0.524,0.524,蓄力,蓄力,0.0
300393,2021,0.437,0.443,蓄力,蓄力,0.006000000000000005
300393,2022,0.493,0.493,蓄力,蓄力,0.0
300393,2023,0.501,0.492,蓄力,蓄力,0.009000000000000008
300403,2018,0.574,0.58,蓄力,蓄力,0.006000000000000005
300403,2019,0.613,0.633,蓄力,蓄力,0.020000000000000018
300403,2020,0.579,0.58,蓄力,蓄力,0.0010000000000000009
300403,2021,0.579,0.589,蓄力,蓄力,0.010000000000000009
300403,2022,0.592,0.582,蓄力,蓄力,0.010000000000000009
300403,2023,0.588,0.556,蓄力,蓄力,0.03199999999999992
300423,2018,0.448,0.464,蓄力,蓄力,0.016000000000000014
300423,2019,0.474,0.476,蓄力,蓄力,0.0020000000000000018
300423,2020,0.486,0.468,蓄力,蓄力,0.01799999999999996
300423,2021,0.432,0.442,蓄力,蓄力,0.010000000000000009
300423,2022,0.353,0.355,薄弱,薄弱,0.0020000000000000018
300423,2023,0.284,0.274,薄弱,薄弱,0.009999999999999953
300427,2018,0.567,0.592,蓄力,蓄力,0.025000000000000022
300427,2019,0.529,0.546,蓄力,蓄力,0.017000000000000015
300427,2020,0.532,0.528,蓄力,蓄力,0.0040000000000000036
300427,2021,0.46,0.461,蓄力,蓄力,0.0010000000000000009
300427,2022,0.52,0.514,蓄力,蓄力,0.006000000000000005
300427,2023,0.418,0.396,蓄力,薄弱,0.021999999999999964
300438,2018,0.547,0.578,蓄力,蓄力,0.030999999999999917
300438,2019,0.499,0.517,蓄力,蓄力,0.018000000000000016
300438,2020,0.46,0.455,蓄力,蓄力,0.0050000000000000044
300438,2021,0.494,0.497,蓄力,蓄力,0.0030000000000000027
300438,2022,0.549,0.545,蓄力,蓄力,0.0040000000000000036
300438,2023,0.539,0.521,蓄力,蓄力,0.018000000000000016
300444,2018,0.456,0.475,蓄力,蓄力,0.01899999999999996
300444,2019,0.324,0.327,薄弱,薄弱,0.0030000000000000027
300444,2020,0.352,0.35,薄弱,薄弱,0.0020000000000000018
300444,2021,0.393,0.403,薄弱,蓄力,0.010000000000000009
300444,2022,0.336,0.333,薄弱,薄弱,0.0030000000000000027
300444,2023,0.365,0.355,薄弱,薄弱,0.010000000000000009
300447,2018,0.47,0.48,蓄力,蓄力,0.010000000000000009
300447,2019,0.606,0.607,蓄力,蓄力,0.0010000000000000009
300447,2020,0.58,0.571,蓄力,蓄力,0.009000000000000008
300447,2021,0.584,0.593,蓄力,蓄力,0.009000000000000008
300447,2022,0.579,0.582,蓄力,蓄力,0.0030000000000000027
300447,2023,0.561,0.552,蓄力,蓄力,0.009000000000000008
300477,2018,0.382,0.397,薄弱,薄弱,0.015000000000000013
300477,2019,0.421,0.434,蓄力,蓄力,0.013000000000000012
300477,2020,0.383,0.387,薄弱,薄弱,0.0040000000000000036
300477,2021,0.46,0.455,蓄力,蓄力,0.0050000000000000044
300477,2022,0.435,0.428,蓄力,蓄力,0.007000000000000006
300477,2023,0.441,0.418,蓄力,蓄力,0.02300000000000002
300484,2018,0.449,0.457,蓄力,蓄力,0.008000000000000007
300484,2019,0.392,0.389,薄弱,薄弱,0.0030000000000000027
300484,2020,0.484,0.464,蓄力,蓄力,0.019999999999999962
300484,2021,0.509,0.52,蓄力,蓄力,0.01100000000000001
300484,2022,0.547,0.551,蓄力,蓄力,0.0040000000000000036
300484,2023,0.473,0.47,蓄力,蓄力,0.0030000000000000027
300490,2018,0.542,0.565,蓄力,蓄力,0.02299999999999991
300490,2019,0.542,0.559,蓄力,蓄力,0.017000000000000015
300490,2020,0.513,0.515,蓄力,蓄力,0.0020000000000000018
300490,2021,0.481,0.5,蓄力,蓄力,0.019000000000000017
300490,2022,0.427,0.422,蓄力,蓄力,0.0050000000000000044
300490,2023,0.443,0.422,蓄力,蓄力,0.02100000000000002
300491,2018,0.463,0.46,蓄力,蓄力,0.0030000000000000027
300491,2019,0.517,0.521,蓄力,蓄力,0.0040000000000000036
300491,2020,0.535,0.517,蓄力,蓄力,0.018000000000000016
300491,2021,0.526,0.531,蓄力,蓄力,0.0050000000000000044
300491,2022,0.51,0.509,蓄力,蓄力,0.0010000000000000009
300491,2023,0.535,0.534,蓄力,蓄力,0.0010000000000000009
300499,2018,0.461,0.485,蓄力,蓄力,0.023999999999999966
300499,2019,0.412,0.44,蓄力,蓄力,0.028000000000000025
300499,2020,0.456,0.451,蓄力,蓄力,0.0050000000000000044
300499,2021,0.452,0.45,蓄力,蓄力,0.0020000000000000018
300499,2022,0.621,0.615,蓄力,蓄力,0.006000000000000005
300499,2023,0.507,0.482,蓄力,蓄力,0.025000000000000022
300510,2018,0.641,0.669,蓄力,蓄力,0.028000000000000025
300510,2019,0.558,0.569,蓄力,蓄力,0.010999999999999899
300510,2020,0.631,0.639,蓄力,蓄力,0.008000000000000007
300510,2021,0.535,0.551,蓄力,蓄力,0.016000000000000014
300510,2022,0.494,0.486,蓄力,蓄力,0.008000000000000007
300510,2023,0.475,0.457,蓄力,蓄力,0.01799999999999996
300530,2018,0.559,0.558,蓄力,蓄力,0.0010000000000000009
300530,2019,0.511,0.508,蓄力,蓄力,0.0030000000000000027
300530,2020,0.299,0.289,薄弱,薄弱,0.010000000000000009
300530,2021,0.315,0.321,薄弱,薄弱,0.006000000000000005
300530,2022,0.264,0.26,薄弱,薄弱,0.0040000000000000036
300530,2023,0.283,0.272,薄弱,薄弱,0.010999999999999954
300569,2018,0.415,0.427,蓄力,蓄力,0.01200000000000001
300569,2019,0.41,0.397,蓄力,薄弱,0.012999999999999956
300569,2020,0.433,0.411,蓄力,蓄力,0.02200000000000002
300569,2021,0.459,0.457,蓄力,蓄力,0.0020000000000000018
300569,2022,0.421,0.413,蓄力,蓄力,0.008000000000000007
300569,2023,0.413,0.396,蓄力,薄弱,0.01699999999999996
300593,2018,0.451,0.458,蓄力,蓄力,0.007000000000000006
300593,2019,0.499,0.496,蓄力,蓄力,0.0030000000000000027
300593,2020,0.631,0.629,蓄力,蓄力,0.0020000000000000018
300593,2021,0.606,0.614,蓄力,蓄力,0.008000000000000007
300593,2022,0.671,0.668,蓄力,蓄力,0.0030000000000000027
300593,2023,0.601,0.583,蓄力,蓄力,0.018000000000000016
300617,2018,0.516,0.529,蓄力,蓄力,0.013000000000000012
300617,2019,0.511,0.51,蓄力,蓄力,0.0010000000000000009
300617,2020,0.535,0.536,蓄力,蓄力,0.0010000000000000009
300617,2021,0.585,0.593,蓄力,蓄力,0.008000000000000007
300617,2022,0.492,0.49,蓄力,蓄力,0.0020000000000000018
300617,2023,0.59,0.586,蓄力,蓄力,0.0040000000000000036
300625,2018,0.53,0.547,蓄力,蓄力,0.017000000000000015
300625,2019,0.556,0.553,蓄力,蓄力,0.0030000000000000027
300625,2020,0.599,0.592,蓄力,蓄力,0.007000000000000006
300625,2021,0.478,0.485,蓄力,蓄力,0.007000000000000006
300625,2022,0.533,0.525,蓄力,蓄力,0.008000000000000007
300625,2023,0.588,0.577,蓄力,蓄力,0.01100000000000001
300626,2018,0.402,0.421,蓄力,蓄力,0.01899999999999996
300626,2019,0.375,0.374,薄弱,薄弱,0.0010000000000000009
300626,2020,0.377,0.373,薄弱,薄弱,0.0040000000000000036
300626,2021,0.425,0.424,蓄力,蓄力,0.0010000000000000009
300626,2022,0.363,0.363,薄弱,薄弱,0.0
300626,2023,0.317,0.309,薄弱,薄弱,0.008000000000000007
300632,2018,0.515,0.533,蓄力,蓄力,0.018000000000000016
300632,2019,0.537,0.548,蓄力,蓄力,0.01100000000000001
300632,2020,0.632,0.633,蓄力,蓄力,0.0010000000000000009
300632,2021,0.606,0.612,蓄力,蓄力,0.006000000000000005
300632,2022,0.594,0.59,蓄力,蓄力,0.0040000000000000036
300632,2023,0.613,0.578,蓄力,蓄力,0.03500000000000003
300660,2018,0.606,0.635,蓄力,蓄力,0.029000000000000026
300660,2019,0.638,0.644,蓄力,蓄力,0.006000000000000005
300660,2020,0.673,0.673,蓄力,蓄力,0.0
300660,2021,0.658,0.664,蓄力,蓄力,0.006000000000000005
300660,2022,0.678,0.669,蓄力,蓄力,0.009000000000000008
300660,2023,0.706,0.7,就绪,就绪,0.006000000000000005
300670,2018,0.448,0.473,蓄力,蓄力,0.024999999999999967
300670,2019,0.434,0.442,蓄力,蓄力,0.008000000000000007
300670,2020,0.488,0.477,蓄力,蓄力,0.01100000000000001
300670,2021,0.49,0.496,蓄力,蓄力,0.006000000000000005
300670,2022,0.327,0.321,薄弱,薄弱,0.006000000000000005
300670,2023,0.303,0.293,薄弱,薄弱,0.010000000000000009
300693,2018,0.6,0.618,蓄力,蓄力,0.018000000000000016
300693,2019,0.584,0.596,蓄力,蓄力,0.01200000000000001
300693,2020,0.622,0.621,蓄力,蓄力,0.0010000000000000009
300693,2021,0.625,0.629,蓄力,蓄力,0.0040000000000000036
300693,2022,0.645,0.637,蓄力,蓄力,0.008000000000000007
300693,2023,0.682,0.672,蓄力,蓄力,0.010000000000000009
300713,2018,0.482,0.491,蓄力,蓄力,0.009000000000000008
300713,2019,0.466,0.46,蓄力,蓄力,0.006000000000000005
300713,2020,0.511,0.499,蓄力,蓄力,0.01200000000000001
300713,2021,0.459,0.477,蓄力,蓄力,0.01799999999999996
300713,2022,0.413,0.413,蓄力,蓄力,0.0
300713,2023,0.437,0.434,蓄力,蓄力,0.0030000000000000027
300750,2018,0.711,0.725,就绪,就绪,0.014000000000000012
300750,2019,0.697,0.692,蓄力,蓄力,0.0050000000000000044
300750,2020,0.713,0.699,就绪,蓄力,0.014000000000000012
300750,2021,0.609,0.61,蓄力,蓄力,0.0010000000000000009
300750,2022,0.643,0.645,蓄力,蓄力,0.0020000000000000018
300750,2023,0.643,0.644,蓄力,蓄力,0.0010000000000000009
300763,2019,0.545,0.565,蓄力,蓄力,0.019999999999999907
300763,2020,0.647,0.654,蓄力,蓄力,0.007000000000000006
300763,2021,0.549,0.56,蓄力,蓄力,0.01100000000000001
300763,2022,0.549,0.552,蓄力,蓄力,0.0030000000000000027
300763,2023,0.545,0.534,蓄力,蓄力,0.01100000000000001
300808,2019,0.506,0.527,蓄力,蓄力,0.02100000000000002
300808,2020,0.475,0.478,蓄力,蓄力,0.0030000000000000027
300808,2021,0.393,0.406,薄弱,蓄力,0.013000000000000012
300808,2022,0.386,0.384,薄弱,薄弱,0.0020000000000000018
300808,2023,0.463,0.442,蓄力,蓄力,0.02100000000000002
300820,2019,0.545,0.543,蓄力,蓄力,0.0020000000000000018
300820,2020,0.552,0.543,蓄力,蓄力,0.009000000000000008
300820,2021,0.522,0.535,蓄力,蓄力,0.013000000000000012
300820,2022,0.555,0.56,蓄力,蓄力,0.0050000000000000044
300820,2023,0.573,0.566,蓄力,蓄力,0.007000000000000006
300824,2020,0.606,0.607,蓄力,蓄力,0.0010000000000000009
300824,2021,0.61,0.616,蓄力,蓄力,0.006000000000000005
300824,2022,0.554,0.553,蓄力,蓄力,0.0010000000000000009
300824,2023,0.651,0.645,蓄力,蓄力,0.006000000000000005
300827,2020,0.496,0.491,蓄力,蓄力,0.0050000000000000044
300827,2021,0.511,0.52,蓄力,蓄力,0.009000000000000008
300827,2022,0.505,0.494,蓄力,蓄力,0.01100000000000001
300827,2023,0.584,0.57,蓄力,蓄力,0.014000000000000012
300833,2020,0.649,0.641,蓄力,蓄力,0.008000000000000007
300833,2021,0.658,0.661,蓄力,蓄力,0.0030000000000000027
300833,2022,0.702,0.69,就绪,蓄力,0.01200000000000001
300833,2023,0.712,0.685,就绪,蓄力,0.026999999999999913
300889,2020,0.564,0.557,蓄力,蓄力,0.006999999999999895
300889,2021,0.554,0.564,蓄力,蓄力,0.009999999999999898
300889,2022,0.573,0.561,蓄力,蓄力,0.0119999999999999
300889,2023,0.529,0.493,蓄力,蓄力,0.03600000000000003
300894,2020,0.61,0.611,蓄力,蓄力,0.0010000000000000009
300894,2021,0.523,0.529,蓄力,蓄力,0.006000000000000005
300894,2022,0.526,0.53,蓄力,蓄力,0.0040000000000000036
300894,2023,0.506,0.51,蓄力,蓄力,0.0040000000000000036
300907,2020,0.493,0.485,蓄力,蓄力,0.008000000000000007
300907,2021,0.38,0.388,薄弱,薄弱,0.008000000000000007
300907,2022,0.431,0.419,蓄力,蓄力,0.01200000000000001
300907,2023,0.471,0.444,蓄力,蓄力,0.02699999999999997
300911,2020,0.594,0.597,蓄力,蓄力,0.0030000000000000027
300911,2021,0.546,0.556,蓄力,蓄力,0.010000000000000009
300911,2022,0.622,0.618,蓄力,蓄力,0.0040000000000000036
300911,2023,0.599,0.588,蓄力,蓄力,0.01100000000000001
300913,2020,0.476,0.462,蓄力,蓄力,0.013999999999999957
300913,2021,0.506,0.519,蓄力,蓄力,0.013000000000000012
300913,2022,0.544,0.541,蓄力,蓄力,0.0030000000000000027
300913,2023,0.614,0.601,蓄力,蓄力,0.013000000000000012
300932,2020,0.569,0.572,蓄力,蓄力,0.0030000000000000027
300932,2021,0.584,0.585,蓄力,蓄力,0.0010000000000000009
300932,2022,0.565,0.559,蓄力,蓄力,0.005999999999999894
300932,2023,0.559,0.527,蓄力,蓄力,0.03200000000000003
300933,2020,0.403,0.393,蓄力,薄弱,0.010000000000000009
300933,2021,0.391,0.394,薄弱,薄弱,0.0030000000000000027
300933,2022,0.398,0.391,薄弱,薄弱,0.007000000000000006
300933,2023,0.394,0.386,薄弱,薄弱,0.008000000000000007
301008,2021,0.437,0.441,蓄力,蓄力,0.0040000000000000036
301008,2022,0.43,0.425,蓄力,蓄力,0.0050000000000000044
301008,2023,0.415,0.398,蓄力,薄弱,0.01699999999999996
301012,2021,0.432,0.439,蓄力,蓄力,0.007000000000000006
301012,2022,0.461,0.458,蓄力,蓄力,0.0030000000000000027
301012,2023,0.374,0.357,薄弱,薄弱,0.017000000000000015
301031,2021,0.551,0.56,蓄力,蓄力,0.009000000000000008
301031,2022,0.588,0.582,蓄力,蓄力,0.006000000000000005
301031,2023,0.637,0.637,蓄力,蓄力,0.0
301082,2021,0.356,0.356,薄弱,薄弱,0.0
301082,2022,0.329,0.328,薄弱,薄弱,0.0010000000000000009
301082,2023,0.298,0.285,薄弱,薄弱,0.013000000000000012
301120,2022,0.54,0.54,蓄力,蓄力,0.0
301120,2023,0.531,0.517,蓄力,蓄力,0.014000000000000012
301121,2022,0.494,0.488,蓄力,蓄力,0.006000000000000005
301121,2023,0.534,0.51,蓄力,蓄力,0.02400000000000002
301155,2021,0.557,0.568,蓄力,蓄力,0.010999999999999899
301155,2022,0.456,0.456,蓄力,蓄力,0.0
301155,2023,0.402,0.391,蓄力,薄弱,0.01100000000000001
301168,2021,0.429,0.432,蓄力,蓄力,0.0030000000000000027
301168,2022,0.461,0.459,蓄力,蓄力,0.0020000000000000018
301168,2023,0.554,0.53,蓄力,蓄力,0.02400000000000002
301187,2022,0.616,0.602,蓄力,蓄力,0.014000000000000012
301187,2023,0.646,0.635,蓄力,蓄力,0.01100000000000001
301210,2023,0.493,0.469,蓄力,蓄力,0.02400000000000002
301222,2021,0.545,0.552,蓄力,蓄力,0.007000000000000006
301222,2022,0.557,0.55,蓄力,蓄力,0.007000000000000006
301222,2023,0.594,0.576,蓄力,蓄力,0.018000000000000016
301226,2021,0.519,0.53,蓄力,蓄力,0.01100000000000001
301226,2022,0.538,0.529,蓄力,蓄力,0.009000000000000008
301226,2023,0.518,0.488,蓄力,蓄力,0.030000000000000027
301266,2022,0.409,0.405,蓄力,蓄力,0.003999999999999948
301266,2023,0.399,0.4,薄弱,蓄力,0.0010000000000000009
301278,2022,0.515,0.506,蓄力,蓄力,0.009000000000000008
301278,2023,0.587,0.559,蓄力,蓄力,0.027999999999999914
301291,2023,0.495,0.501,蓄力,蓄力,0.006000000000000005
301295,2023,0.474,0.458,蓄力,蓄力,0.01599999999999996
301320,2023,0.595,0.576,蓄力,蓄力,0.019000000000000017
301327,2022,0.735,0.73,就绪,就绪,0.0050000000000000044
301327,2023,0.729,0.709,就绪,就绪,0.020000000000000018
301332,2023,0.626,0.609,蓄力,蓄力,0.017000000000000015
301359,2022,0.566,0.569,蓄力,蓄力,0.0030000000000000027
301359,2023,0.556,0.553,蓄力,蓄力,0.0030000000000000027
301361,2022,0.676,0.675,蓄力,蓄力,0.0010000000000000009
301361,2023,0.687,0.695,蓄力,蓄力,0.007999999999999896
301362,2023,0.729,0.711,就绪,就绪,0.018000000000000016
301386,2022,0.502,0.502,蓄力,蓄力,0.0
301386,2023,0.494,0.483,蓄力,蓄力,0.01100000000000001
301388,2022,0.544,0.544,蓄力,蓄力,0.0
301388,2023,0.53,0.516,蓄力,蓄力,0.014000000000000012
301418,2023,0.506,0.493,蓄力,蓄力,0.013000000000000012
301439,2022,0.572,0.566,蓄力,蓄力,0.006000000000000005
301439,2023,0.685,0.669,蓄力,蓄力,0.016000000000000014
301502,2023,0.463,0.455,蓄力,蓄力,0.008000000000000007
301525,2023,0.621,0.595,蓄力,蓄力,0.026000000000000023
600067,2018,0.57,0.587,蓄力,蓄力,0.017000000000000015
600067,2019,0.543,0.551,蓄力,蓄力,0.008000000000000007
600067,2020,0.541,0.54,蓄力,蓄力,0.0010000000000000009
600067,2021,0.463,0.467,蓄力,蓄力,0.0040000000000000036
600067,2022,0.472,0.469,蓄力,蓄力,0.0030000000000000027
600067,2023,0.477,0.473,蓄力,蓄力,0.0040000000000000036
600089,2018,0.552,0.579,蓄力,蓄力,0.026999999999999913
600089,2019,0.568,0.578,蓄力,蓄力,0.010000000000000009
600089,2020,0.588,0.585,蓄力,蓄力,0.0030000000000000027
600089,2021,0.666,0.66,蓄力,蓄力,0.006000000000000005
600089,2022,0.684,0.678,蓄力,蓄力,0.006000000000000005
600089,2023,0.658,0.669,蓄力,蓄力,0.01100000000000001
600105,2018,0.573,0.595,蓄力,蓄力,0.02200000000000002
600105,2019,0.552,0.557,蓄力,蓄力,0.0050000000000000044
600105,2020,0.502,0.499,蓄力,蓄力,0.0030000000000000027
600105,2021,0.539,0.538,蓄力,蓄力,0.0010000000000000009
600105,2022,0.567,0.566,蓄力,蓄力,0.0010000000000000009
600105,2023,0.518,0.499,蓄力,蓄力,0.019000000000000017
600151,2018,0.63,0.647,蓄力,蓄力,0.017000000000000015
600151,2019,0.582,0.586,蓄力,蓄力,0.0040000000000000036
600151,2020,0.591,0.588,蓄力,蓄力,0.0030000000000000027
600151,2021,0.566,0.573,蓄力,蓄力,0.007000000000000006
600151,2022,0.545,0.546,蓄力,蓄力,0.0010000000000000009
600151,2023,0.501,0.5,蓄力,蓄力,0.0010000000000000009
600152,2018,0.434,0.454,蓄力,蓄力,0.020000000000000018
600152,2019,0.403,0.418,蓄力,蓄力,0.014999999999999958
600152,2020,0.446,0.447,蓄力,蓄力,0.0010000000000000009
600152,2021,0.454,0.457,蓄力,蓄力,0.0030000000000000027
600152,2022,0.407,0.399,蓄力,薄弱,0.007999999999999952
600152,2023,0.47,0.444,蓄力,蓄力,0.025999999999999968
600192,2018,0.389,0.406,薄弱,蓄力,0.017000000000000015
600192,2019,0.383,0.391,薄弱,薄弱,0.008000000000000007
600192,2020,0.378,0.372,薄弱,薄弱,0.006000000000000005
600192,2021,0.379,0.393,薄弱,薄弱,0.014000000000000012
600192,2022,0.394,0.392,薄弱,薄弱,0.0020000000000000018
600192,2023,0.379,0.364,薄弱,薄弱,0.015000000000000013
600212,2018,0.314,0.322,薄弱,薄弱,0.008000000000000007
600212,2019,0.298,0.299,薄弱,薄弱,0.0010000000000000009
600212,2020,0.449,0.433,蓄力,蓄力,0.016000000000000014
600212,2021,0.289,0.301,薄弱,薄弱,0.01200000000000001
600212,2022,0.241,0.243,薄弱,薄弱,0.0020000000000000018
600212,2023,0.362,0.353,薄弱,薄弱,0.009000000000000008
600241,2018,0.452,0.482,蓄力,蓄力,0.02999999999999997
600241,2019,0.482,0.498,蓄力,蓄力,0.016000000000000014
600241,2020,0.39,0.383,薄弱,薄弱,0.007000000000000006
600241,2021,0.358,0.372,薄弱,薄弱,0.014000000000000012
600241,2022,0.43,0.427,蓄力,蓄力,0.0030000000000000027
600241,2023,0.501,0.489,蓄力,蓄力,0.01200000000000001
600261,2018,0.631,0.642,蓄力,蓄力,0.01100000000000001
600261,2019,0.679,0.671,蓄力,蓄力,0.008000000000000007
600261,2020,0.692,0.685,蓄力,蓄力,0.006999999999999895
600261,2021,0.671,0.669,蓄力,蓄力,0.0020000000000000018
600261,2022,0.566,0.556,蓄力,蓄力,0.009999999999999898
600261,2023,0.665,0.659,蓄力,蓄力,0.006000000000000005
600268,2018,0.426,0.441,蓄力,蓄力,0.015000000000000013
600268,2019,0.443,0.445,蓄力,蓄力,0.0020000000000000018
600268,2020,0.47,0.461,蓄力,蓄力,0.008999999999999952
600268,2021,0.494,0.502,蓄力,蓄力,0.008000000000000007
600268,2022,0.487,0.487,蓄力,蓄力,0.0
600268,2023,0.503,0.502,蓄力,蓄力,0.0010000000000000009
600312,2018,0.387,0.405,薄弱,蓄力,0.018000000000000016
600312,2019,0.397,0.407,薄弱,蓄力,0.009999999999999953
600312,2020,0.404,0.4,蓄力,蓄力,0.0040000000000000036
600312,2021,0.44,0.447,蓄力,蓄力,0.007000000000000006
600312,2022,0.513,0.505,蓄力,蓄力,0.008000000000000007
600312,2023,0.566,0.543,蓄力,蓄力,0.02299999999999991
600336,2018,0.444,0.471,蓄力,蓄力,0.02699999999999997
600336,2019,0.481,0.486,蓄力,蓄力,0.0050000000000000044
600336,2020,0.532,0.519,蓄力,蓄力,0.013000000000000012
600336,2021,0.496,0.494,蓄力,蓄力,0.0020000000000000018
600336,2022,0.496,0.491,蓄力,蓄力,0.0050000000000000044
600336,2023,0.484,0.466,蓄力,蓄力,0.01799999999999996
600379,2018,0.416,0.431,蓄力,蓄力,0.015000000000000013
600379,2019,0.441,0.443,蓄力,蓄力,0.0020000000000000018
600379,2020,0.411,0.394,蓄力,薄弱,0.01699999999999996
600379,2021,0.383,0.386,薄弱,薄弱,0.0030000000000000027
600379,2022,0.358,0.356,薄弱,薄弱,0.0020000000000000018
600379,2023,0.399,0.395,薄弱,薄弱,0.0040000000000000036
600416,2018,0.398,0.429,薄弱,蓄力,0.030999999999999972
600416,2019,0.408,0.42,蓄力,蓄力,0.01200000000000001
600416,2020,0.425,0.424,蓄力,蓄力,0.0010000000000000009
600416,2021,0.43,0.445,蓄力,蓄力,0.015000000000000013
600416,2022,0.503,0.495,蓄力,蓄力,0.008000000000000007
600416,2023,0.538,0.513,蓄力,蓄力,0.025000000000000022
600438,2018,0.543,0.572,蓄力,蓄力,0.028999999999999915
600438,2019,0.543,0.553,蓄力,蓄力,0.010000000000000009
600438,2020,0.575,0.561,蓄力,蓄力,0.013999999999999901
600438,2021,0.621,0.624,蓄力,蓄力,0.0030000000000000027
600438,2022,0.622,0.626,蓄力,蓄力,0.0040000000000000036
600438,2023,0.585,0.581,蓄力,蓄力,0.0040000000000000036
600468,2018,0.476,0.488,蓄力,蓄力,0.01200000000000001
600468,2019,0.438,0.442,蓄力,蓄力,0.0040000000000000036
600468,2020,0.469,0.459,蓄力,蓄力,0.009999999999999953
600468,2021,0.481,0.492,蓄力,蓄力,0.01100000000000001
600468,2022,0.509,0.511,蓄力,蓄力,0.0020000000000000018
600468,2023,0.521,0.506,蓄力,蓄力,0.015000000000000013
600478,2018,0.439,0.452,蓄力,蓄力,0.013000000000000012
600478,2019,0.426,0.436,蓄力,蓄力,0.010000000000000009
600478,2020,0.445,0.438,蓄力,蓄力,0.007000000000000006
600478,2021,0.421,0.428,蓄力,蓄力,0.007000000000000006
600478,2022,0.442,0.438,蓄力,蓄力,0.0040000000000000036
600478,2023,0.376,0.364,薄弱,薄弱,0.01200000000000001
600487,2018,0.646,0.658,蓄力,蓄力,0.01200000000000001
600487,2019,0.528,0.544,蓄力,蓄力,0.016000000000000014
600487,2020,0.659,0.653,蓄力,蓄力,0.006000000000000005
600487,2021,0.668,0.663,蓄力,蓄力,0.0050000000000000044
600487,2022,0.657,0.657,蓄力,蓄力,0.0
600487,2023,0.68,0.681,蓄力,蓄力,0.0010000000000000009
600522,2018,0.709,0.725,就绪,就绪,0.016000000000000014
600522,2019,0.659,0.659,蓄力,蓄力,0.0
600522,2020,0.669,0.652,蓄力,蓄力,0.017000000000000015
600522,2021,0.62,0.629,蓄力,蓄力,0.009000000000000008
600522,2022,0.763,0.755,就绪,就绪,0.008000000000000007
600522,2023,0.762,0.759,就绪,就绪,0.0030000000000000027
600525,2018,0.612,0.62,蓄力,蓄力,0.008000000000000007
600525,2019,0.61,0.613,蓄力,蓄力,0.0030000000000000027
600525,2020,0.637,0.631,蓄力,蓄力,0.006000000000000005
600525,2021,0.591,0.588,蓄力,蓄力,0.0030000000000000027
600525,2022,0.75,0.754,就绪,就绪,0.0040000000000000036
600525,2023,0.633,0.633,蓄力,蓄力,0.0
600537,2018,0.43,0.454,蓄力,蓄力,0.02400000000000002
600537,2019,0.389,0.403,薄弱,蓄力,0.014000000000000012
600537,2020,0.332,0.328,薄弱,薄弱,0.0040000000000000036
600537,2021,0.357,0.36,薄弱,薄弱,0.0030000000000000027
600537,2022,0.36,0.35,薄弱,薄弱,0.010000000000000009
600537,2023,0.338,0.317,薄弱,薄弱,0.02100000000000002
600550,2018,0.366,0.393,薄弱,薄弱,0.027000000000000024
600550,2019,0.362,0.378,薄弱,薄弱,0.016000000000000014
600550,2020,0.327,0.326,薄弱,薄弱,0.0010000000000000009
600550,2021,0.395,0.406,薄弱,蓄力,0.01100000000000001
600550,2022,0.439,0.429,蓄力,蓄力,0.010000000000000009
600550,2023,0.348,0.327,薄弱,薄弱,0.020999999999999963
600577,2018,0.613,0.628,蓄力,蓄力,0.015000000000000013
600577,2019,0.612,0.617,蓄力,蓄力,0.0050000000000000044
600577,2020,0.532,0.521,蓄力,蓄力,0.01100000000000001
600577,2021,0.545,0.545,蓄力,蓄力,0.0
600577,2022,0.519,0.519,蓄力,蓄力,0.0
600577,2023,0.511,0.494,蓄力,蓄力,0.017000000000000015
600580,2018,0.601,0.622,蓄力,蓄力,0.02100000000000002
600580,2019,0.648,0.65,蓄力,蓄力,0.0020000000000000018
600580,2020,0.649,0.635,蓄力,蓄力,0.014000000000000012
600580,2021,0.683,0.682,蓄力,蓄力,0.0010000000000000009
600580,2022,0.676,0.67,蓄力,蓄力,0.006000000000000005
600580,2023,0.643,0.64,蓄力,蓄力,0.0030000000000000027
600590,2018,0.509,0.539,蓄力,蓄力,0.030000000000000027
600590,2019,0.525,0.538,蓄力,蓄力,0.013000000000000012
600590,2020,0.492,0.492,蓄力,蓄力,0.0
600590,2021,0.576,0.586,蓄力,蓄力,0.010000000000000009
600590,2022,0.563,0.557,蓄力,蓄力,0.005999999999999894
600590,2023,0.591,0.58,蓄力,蓄力,0.01100000000000001
600651,2018,0.516,0.538,蓄力,蓄力,0.02200000000000002
600651,2019,0.48,0.492,蓄力,蓄力,0.01200000000000001
600651,2020,0.641,0.638,蓄力,蓄力,0.0030000000000000027
600651,2021,0.529,0.529,蓄力,蓄力,0.0
600651,2022,0.633,0.632,蓄力,蓄力,0.0010000000000000009
600651,2023,0.506,0.499,蓄力,蓄力,0.007000000000000006
600690,2018,0.619,0.634,蓄力,蓄力,0.015000000000000013
600690,2019,0.566,0.557,蓄力,蓄力,0.008999999999999897
600690,2020,0.622,0.609,蓄力,蓄力,0.013000000000000012
600690,2021,0.594,0.594,蓄力,蓄力,0.0
600690,2022,0.679,0.675,蓄力,蓄力,0.0040000000000000036
600690,2023,0.687,0.694,蓄力,蓄力,0.006999999999999895
600732,2018,0.401,0.411,蓄力,蓄力,0.009999999999999953
600732,2019,0.431,0.43,蓄力,蓄力,0.0010000000000000009
600732,2020,0.557,0.549,蓄力,蓄力,0.008000000000000007
600732,2021,0.423,0.437,蓄力,蓄力,0.014000000000000012
600732,2022,0.568,0.565,蓄力,蓄力,0.0030000000000000027
600732,2023,0.561,0.551,蓄力,蓄力,0.010000000000000009
600847,2018,0.337,0.346,薄弱,薄弱,0.008999999999999952
600847,2019,0.38,0.378,薄弱,薄弱,0.0020000000000000018
600847,2020,0.37,0.36,薄弱,薄弱,0.010000000000000009
600847,2021,0.358,0.368,薄弱,薄弱,0.010000000000000009
600847,2022,0.354,0.353,薄弱,薄弱,0.0010000000000000009
600847,2023,0.351,0.346,薄弱,薄弱,0.0050000000000000044
600854,2018,0.394,0.405,薄弱,蓄力,0.01100000000000001
600854,2019,0.383,0.388,薄弱,薄弱,0.0050000000000000044
600854,2020,0.411,0.412,蓄力,蓄力,0.0010000000000000009
600854,2021,0.418,0.423,蓄力,蓄力,0.0050000000000000044
600854,2022,0.493,0.493,蓄力,蓄力,0.0
600854,2023,0.505,0.503,蓄力,蓄力,0.0020000000000000018
600869,2018,0.437,0.458,蓄力,蓄力,0.02100000000000002
600869,2019,0.441,0.45,蓄力,蓄力,0.009000000000000008
600869,2020,0.419,0.423,蓄力,蓄力,0.0040000000000000036
600869,2021,0.499,0.494,蓄力,蓄力,0.0050000000000000044
600869,2022,0.523,0.517,蓄力,蓄力,0.006000000000000005
600869,2023,0.52,0.502,蓄力,蓄力,0.018000000000000016
600885,2018,0.801,0.808,就绪,就绪,0.007000000000000006
600885,2019,0.797,0.798,就绪,就绪,0.0010000000000000009
600885,2020,0.788,0.794,就绪,就绪,0.006000000000000005
600885,2021,0.807,0.812,就绪,就绪,0.0050000000000000044
600885,2022,0.816,0.815,就绪,就绪,0.0010000000000000009
600885,2023,0.823,0.809,就绪,就绪,0.013999999999999901
600973,2018,0.427,0.448,蓄力,蓄力,0.02100000000000002
600973,2019,0.434,0.448,蓄力,蓄力,0.014000000000000012
600973,2020,0.441,0.443,蓄力,蓄力,0.0020000000000000018
600973,2021,0.411,0.419,蓄力,蓄力,0.008000000000000007
600973,2022,0.422,0.418,蓄力,蓄力,0.0040000000000000036
600973,2023,0.42,0.4,蓄力,蓄力,0.019999999999999962
600983,2018,0.456,0.482,蓄力,蓄力,0.025999999999999968
600983,2019,0.397,0.408,薄弱,蓄力,0.010999999999999954
600983,2020,0.397,0.389,薄弱,薄弱,0.008000000000000007
600983,2021,0.357,0.358,薄弱,薄弱,0.0010000000000000009
600983,2022,0.396,0.392,薄弱,薄弱,0.0040000000000000036
600983,2023,0.436,0.407,蓄力,蓄力,0.029000000000000026
601012,2018,0.642,0.654,蓄力,蓄力,0.01200000000000001
601012,2019,0.671,0.672,蓄力,蓄力,0.0010000000000000009
601012,2020,0.675,0.67,蓄力,蓄力,0.0050000000000000044
601012,2021,0.702,0.701,就绪,就绪,0.0010000000000000009
601012,2022,0.687,0.686,蓄力,蓄力,0.0010000000000000009
601012,2023,0.66,0.678,蓄力,蓄力,0.018000000000000016
601126,2018,0.715,0.738,就绪,就绪,0.02300000000000002
601126,2019,0.707,0.72,就绪,就绪,0.013000000000000012
601126,2020,0.717,0.705,就绪,就绪,0.01200000000000001
601126,2021,0.72,0.723,就绪,就绪,0.0030000000000000027
601126,2022,0.704,0.702,就绪,就绪,0.0020000000000000018
601126,2023,0.708,0.703,就绪,就绪,0.0050000000000000044
601179,2018,0.576,0.604,蓄力,蓄力,0.028000000000000025
601179,2019,0.578,0.586,蓄力,蓄力,0.008000000000000007
601179,2020,0.566,0.562,蓄力,蓄力,0.0039999999999998925
601179,2021,0.624,0.633,蓄力,蓄力,0.009000000000000008
601179,2022,0.578,0.572,蓄力,蓄力,0.006000000000000005
601179,2023,0.592,0.578,蓄力,蓄力,0.014000000000000012
601222,2018,0.59,0.608,蓄力,蓄力,0.018000000000000016
601222,2019,0.694,0.707,蓄力,就绪,0.013000000000000012
601222,2020,0.546,0.53,蓄力,蓄力,0.016000000000000014
601222,2021,0.633,0.628,蓄力,蓄力,0.0050000000000000044
601222,2022,0.659,0.657,蓄力,蓄力,0.0020000000000000018
601222,2023,0.657,0.64,蓄力,蓄力,0.017000000000000015
601311,2018,0.609,0.639,蓄力,蓄力,0.030000000000000027
601311,2019,0.636,0.646,蓄力,蓄力,0.010000000000000009
601311,2020,0.671,0.667,蓄力,蓄力,0.0040000000000000036
601311,2021,0.705,0.706,就绪,就绪,0.0010000000000000009
601311,2022,0.664,0.66,蓄力,蓄力,0.0040000000000000036
601311,2023,0.692,0.68,蓄力,蓄力,0.0119999999999999
601616,2018,0.605,0.642,蓄力,蓄力,0.03700000000000003
601616,2019,0.574,0.574,蓄力,蓄力,0.0
601616,2020,0.548,0.548,蓄力,蓄力,0.0
601616,2021,0.559,0.563,蓄力,蓄力,0.0039999999999998925
601616,2022,0.628,0.621,蓄力,蓄力,0.007000000000000006
601616,2023,0.597,0.561,蓄力,蓄力,0.03599999999999992
601877,2018,0.663,0.686,蓄力,蓄力,0.02300000000000002
601877,2019,0.642,0.646,蓄力,蓄力,0.0040000000000000036
601877,2020,0.64,0.638,蓄力,蓄力,0.0020000000000000018
601877,2021,0.567,0.564,蓄力,蓄力,0.0030000000000000027
601877,2022,0.55,0.549,蓄力,蓄力,0.0010000000000000009
601877,2023,0.519,0.513,蓄力,蓄力,0.006000000000000005
601908,2018,0.456,0.478,蓄力,蓄力,0.021999999999999964
601908,2019,0.479,0.493,蓄力,蓄力,0.014000000000000012
601908,2020,0.521,0.519,蓄力,蓄力,0.0020000000000000018
601908,2021,0.574,0.572,蓄力,蓄力,0.0020000000000000018
601908,2022,0.493,0.49,蓄力,蓄力,0.0030000000000000027
601908,2023,0.451,0.438,蓄力,蓄力,0.013000000000000012
603016,2018,0.613,0.633,蓄力,蓄力,0.020000000000000018
603016,2019,0.568,0.563,蓄力,蓄力,0.0050000000000000044
603016,2020,0.535,0.52,蓄力,蓄力,0.015000000000000013
603016,2021,0.506,0.517,蓄力,蓄力,0.01100000000000001
603016,2022,0.505,0.503,蓄力,蓄力,0.0020000000000000018
603016,2023,0.507,0.504,蓄力,蓄力,0.0030000000000000027
603031,2018,0.308,0.32,薄弱,薄弱,0.01200000000000001
603031,2019,0.318,0.319,薄弱,薄弱,0.0010000000000000009
603031,2020,0.307,0.299,薄弱,薄弱,0.008000000000000007
603031,2021,0.359,0.373,薄弱,薄弱,0.014000000000000012
603031,2022,0.532,0.532,蓄力,蓄力,0.0
603031,2023,0.58,0.573,蓄力,蓄力,0.007000000000000006
603045,2018,0.381,0.414,薄弱,蓄力,0.032999999999999974
603045,2019,0.389,0.39,薄弱,薄弱,0.0010000000000000009
603045,2020,0.357,0.355,薄弱,薄弱,0.0020000000000000018
603045,2021,0.356,0.356,薄弱,薄弱,0.0
603045,2022,0.354,0.339,薄弱,薄弱,0.014999999999999958
603045,2023,0.371,0.342,薄弱,薄弱,0.02899999999999997
603050,2018,0.551,0.577,蓄力,蓄力,0.025999999999999912
603050,2019,0.528,0.554,蓄力,蓄力,0.026000000000000023
603050,2020,0.502,0.499,蓄力,蓄力,0.0030000000000000027
603050,2021,0.498,0.507,蓄力,蓄力,0.009000000000000008
603050,2022,0.483,0.472,蓄力,蓄力,0.01100000000000001
603050,2023,0.545,0.525,蓄力,蓄力,0.020000000000000018
603063,2018,0.578,0.591,蓄力,蓄力,0.013000000000000012
603063,2019,0.54,0.55,蓄力,蓄力,0.010000000000000009
603063,2020,0.615,0.614,蓄力,蓄力,0.0010000000000000009
603063,2021,0.626,0.637,蓄力,蓄力,0.01100000000000001
603063,2022,0.621,0.626,蓄力,蓄力,0.0050000000000000044
603063,2023,0.728,0.735,就绪,就绪,0.007000000000000006
603070,2021,0.589,0.602,蓄力,蓄力,0.013000000000000012
603070,2022,0.625,0.615,蓄力,蓄力,0.010000000000000009
603070,2023,0.59,0.564,蓄力,蓄力,0.026000000000000023
603097,2022,0.478,0.472,蓄力,蓄力,0.006000000000000005
603097,2023,0.446,0.45,蓄力,蓄力,0.0040000000000000036
603109,2019,0.581,0.597,蓄力,蓄力,0.016000000000000014
603109,2020,0.555,0.547,蓄力,蓄力,0.008000000000000007
603109,2021,0.587,0.592,蓄力,蓄力,0.0050000000000000044
603109,2022,0.598,0.601,蓄力,蓄力,0.0030000000000000027
603109,2023,0.621,0.623,蓄力,蓄力,0.0020000000000000018
603150,2021,0.461,0.465,蓄力,蓄力,0.0040000000000000036
603150,2022,0.509,0.506,蓄力,蓄力,0.0030000000000000027
603150,2023,0.469,0.455,蓄力,蓄力,0.013999999999999957
603185,2018,0.608,0.624,蓄力,蓄力,0.016000000000000014
603185,2019,0.504,0.507,蓄力,蓄力,0.0030000000000000027
603185,2020,0.526,0.527,蓄力,蓄力,0.0010000000000000009
603185,2021,0.55,0.558,蓄力,蓄力,0.008000000000000007
603185,2022,0.648,0.649,蓄力,蓄力,0.0010000000000000009
603185,2023,0.555,0.54,蓄力,蓄力,0.015000000000000013
603191,2022,0.512,0.509,蓄力,蓄力,0.0030000000000000027
603191,2023,0.423,0.429,蓄力,蓄力,0.006000000000000005
603195,2019,0.744,0.762,就绪,就绪,0.018000000000000016
603195,2020,0.76,0.767,就绪,就绪,0.007000000000000006
603195,2021,0.746,0.756,就绪,就绪,0.010000000000000009
603195,2022,0.772,0.768,就绪,就绪,0.0040000000000000036
603195,2023,0.829,0.801,就绪,就绪,0.027999999999999914
603215,2021,0.342,0.349,薄弱,薄弱,0.006999999999999951
603215,2022,0.542,0.536,蓄力,蓄力,0.006000000000000005
603215,2023,0.583,0.554,蓄力,蓄力,0.028999999999999915
603219,2021,0.527,0.533,蓄力,蓄力,0.006000000000000005
603219,2022,0.589,0.575,蓄力,蓄力,0.014000000000000012
603219,2023,0.586,0.558,蓄力,蓄力,0.027999999999999914
603303,2018,0.53,0.553,蓄力,蓄力,0.02300000000000002
603303,2019,0.553,0.56,蓄力,蓄力,0.007000000000000006
603303,2020,0.601,0.604,蓄力,蓄力,0.0030000000000000027
603303,2021,0.552,0.555,蓄力,蓄力,0.0030000000000000027
603303,2022,0.582,0.576,蓄力,蓄力,0.006000000000000005
603303,2023,0.607,0.599,蓄力,蓄力,0.008000000000000007
603312,2023,0.368,0.363,薄弱,薄弱,0.0050000000000000044
603333,2018,0.393,0.42,薄弱,蓄力,0.02699999999999997
603333,2019,0.439,0.449,蓄力,蓄力,0.010000000000000009
603333,2020,0.374,0.366,薄弱,薄弱,0.008000000000000007
603333,2021,0.438,0.455,蓄力,蓄力,0.017000000000000015
603333,2022,0.441,0.44,蓄力,蓄力,0.0010000000000000009
603333,2023,0.436,0.422,蓄力,蓄力,0.014000000000000012
603344,2023,0.606,0.583,蓄力,蓄力,0.02300000000000002
603355,2018,0.642,0.663,蓄力,蓄力,0.02100000000000002
603355,2019,0.672,0.669,蓄力,蓄力,0.0030000000000000027
603355,2020,0.601,0.592,蓄力,蓄力,0.009000000000000008
603355,2021,0.583,0.58,蓄力,蓄力,0.0030000000000000027
603355,2022,0.629,0.63,蓄力,蓄力,0.0010000000000000009
603355,2023,0.644,0.635,蓄力,蓄力,0.009000000000000008
603366,2018,0.511,0.533,蓄力,蓄力,0.02200000000000002
603366,2019,0.533,0.542,蓄力,蓄力,0.009000000000000008
603366,2020,0.592,0.593,蓄力,蓄力,0.0010000000000000009
603366,2021,0.636,0.641,蓄力,蓄力,0.0050000000000000044
603366,2022,0.671,0.668,蓄力,蓄力,0.0030000000000000027
603366,2023,0.63,0.604,蓄力,蓄力,0.026000000000000023
603398,2018,0.445,0.464,蓄力,蓄力,0.019000000000000017
603398,2019,0.475,0.464,蓄力,蓄力,0.010999999999999954
603398,2020,0.435,0.42,蓄力,蓄力,0.015000000000000013
603398,2021,0.429,0.436,蓄力,蓄力,0.007000000000000006
603398,2022,0.258,0.257,薄弱,薄弱,0.0010000000000000009
603398,2023,0.413,0.402,蓄力,蓄力,0.010999999999999954
603489,2019,0.67,0.687,蓄力,蓄力,0.017000000000000015
603489,2020,0.685,0.692,蓄力,蓄力,0.006999999999999895
603489,2021,0.68,0.683,蓄力,蓄力,0.0030000000000000027
603489,2022,0.68,0.673,蓄力,蓄力,0.007000000000000006
603489,2023,0.665,0.638,蓄力,蓄力,0.027000000000000024
603507,2018,0.323,0.344,薄弱,薄弱,0.020999999999999963
603507,2019,0.315,0.323,薄弱,薄弱,0.008000000000000007
603507,2020,0.331,0.33,薄弱,薄弱,0.0010000000000000009
603507,2021,0.392,0.391,薄弱,薄弱,0.0010000000000000009
603507,2022,0.412,0.401,蓄力,蓄力,0.010999999999999954
603507,2023,0.443,0.423,蓄力,蓄力,0.020000000000000018
603515,2018,0.769,0.788,就绪,就绪,0.019000000000000017
603515,2019,0.696,0.714,蓄力,就绪,0.018000000000000016
603515,2020,0.768,0.769,就绪,就绪,0.0010000000000000009
603515,2021,0.734,0.739,就绪,就绪,0.0050000000000000044
603515,2022,0.825,0.824,就绪,就绪,0.0010000000000000009
603515,2023,0.838,0.826,就绪,就绪,0.01200000000000001
603519,2018,0.468,0.476,蓄力,蓄力,0.007999999999999952
603519,2019,0.469,0.465,蓄力,蓄力,0.003999999999999948
603519,2020,0.38,0.367,薄弱,薄弱,0.013000000000000012
603519,2021,0.428,0.437,蓄力,蓄力,0.009000000000000008
603519,2022,0.498,0.494,蓄力,蓄力,0.0040000000000000036
603519,2023,0.508,0.493,蓄力,蓄力,0.015000000000000013
603530,2019,0.533,0.536,蓄力,蓄力,0.0030000000000000027
603530,2020,0.569,0.574,蓄力,蓄力,0.0050000000000000044
603530,2021,0.565,0.569,蓄力,蓄力,0.0040000000000000036
603530,2022,0.538,0.531,蓄力,蓄力,0.007000000000000006
603530,2023,0.654,0.635,蓄力,蓄力,0.019000000000000017
603551,2019,0.589,0.601,蓄力,蓄力,0.01200000000000001
603551,2020,0.604,0.598,蓄力,蓄力,0.006000000000000005
603551,2021,0.489,0.503,蓄力,蓄力,0.014000000000000012
603551,2022,0.602,0.597,蓄力,蓄力,0.0050000000000000044
603551,2023,0.667,0.633,蓄力,蓄力,0.03400000000000003
603579,2018,0.637,0.662,蓄力,蓄力,0.025000000000000022
603579,2019,0.644,0.66,蓄力,蓄力,0.016000000000000014
603579,2020,0.563,0.556,蓄力,蓄力,0.006999999999999895
603579,2021,0.57,0.576,蓄力,蓄力,0.006000000000000005
603579,2022,0.533,0.532,蓄力,蓄力,0.0010000000000000009
603579,2023,0.575,0.56,蓄力,蓄力,0.014999999999999902
603583,2018,0.647,0.671,蓄力,蓄力,0.02400000000000002
603583,2019,0.702,0.714,就绪,就绪,0.01200000000000001
603583,2020,0.737,0.747,就绪,就绪,0.010000000000000009
603583,2021,0.683,0.683,蓄力,蓄力,0.0
603583,2022,0.728,0.733,就绪,就绪,0.0050000000000000044
603583,2023,0.711,0.697,就绪,蓄力,0.014000000000000012
603606,2018,0.431,0.445,蓄力,蓄力,0.014000000000000012
603606,2019,0.517,0.507,蓄力,蓄力,0.010000000000000009
603606,2020,0.543,0.534,蓄力,蓄力,0.009000000000000008
603606,2021,0.578,0.585,蓄力,蓄力,0.007000000000000006
603606,2022,0.629,0.625,蓄力,蓄力,0.0040000000000000036
603606,2023,0.632,0.611,蓄力,蓄力,0.02100000000000002
603618,2018,0.425,0.442,蓄力,蓄力,0.017000000000000015
603618,2019,0.423,0.427,蓄力,蓄力,0.0040000000000000036
603618,2020,0.423,0.412,蓄力,蓄力,0.01100000000000001
603618,2021,0.413,0.421,蓄力,蓄力,0.008000000000000007
603618,2022,0.398,0.393,薄弱,薄弱,0.0050000000000000044
603618,2023,0.408,0.397,蓄力,薄弱,0.010999999999999954
603628,2018,0.411,0.417,蓄力,蓄力,0.006000000000000005
603628,2019,0.363,0.365,薄弱,薄弱,0.0020000000000000018
603628,2020,0.44,0.433,蓄力,蓄力,0.007000000000000006
603628,2021,0.444,0.432,蓄力,蓄力,0.01200000000000001
603628,2022,0.5,0.508,蓄力,蓄力,0.008000000000000007
603628,2023,0.554,0.561,蓄力,蓄力,0.007000000000000006
603677,2018,0.363,0.386,薄弱,薄弱,0.02300000000000002
603677,2019,0.381,0.386,薄弱,薄弱,0.0050000000000000044
603677,2020,0.402,0.398,蓄力,薄弱,0.0040000000000000036
603677,2021,0.426,0.428,蓄力,蓄力,0.0020000000000000018
603677,2022,0.431,0.421,蓄力,蓄力,0.010000000000000009
603677,2023,0.411,0.386,蓄力,薄弱,0.024999999999999967
603679,2018,0.465,0.47,蓄力,蓄力,0.004999999999999949
603679,2019,0.429,0.419,蓄力,蓄力,0.010000000000000009
603679,2020,0.381,0.369,薄弱,薄弱,0.01200000000000001
603679,2021,0.352,0.361,薄弱,薄弱,0.009000000000000008
603679,2022,0.421,0.416,蓄力,蓄力,0.0050000000000000044
603679,2023,0.462,0.446,蓄力,蓄力,0.016000000000000014
603685,2018,0.546,0.558,蓄力,蓄力,0.01200000000000001
603685,2019,0.585,0.602,蓄力,蓄力,0.017000000000000015
603685,2020,0.547,0.544,蓄力,蓄力,0.0030000000000000027
603685,2021,0.498,0.499,蓄力,蓄力,0.0010000000000000009
603685,2022,0.41,0.401,蓄力,蓄力,0.008999999999999952
603685,2023,0.439,0.413,蓄力,蓄力,0.026000000000000023
603701,2018,0.515,0.522,蓄力,蓄力,0.007000000000000006
603701,2019,0.428,0.432,蓄力,蓄力,0.0040000000000000036
603701,2020,0.414,0.398,蓄力,薄弱,0.01599999999999996
603701,2021,0.405,0.407,蓄力,蓄力,0.0019999999999999463
603701,2022,0.374,0.371,薄弱,薄弱,0.0030000000000000027
603701,2023,0.355,0.346,薄弱,薄弱,0.009000000000000008
603703,2018,0.431,0.45,蓄力,蓄力,0.019000000000000017
603703,2019,0.464,0.482,蓄力,蓄力,0.01799999999999996
603703,2020,0.508,0.511,蓄力,蓄力,0.0030000000000000027
603703,2021,0.469,0.47,蓄力,蓄力,0.0010000000000000009
603703,2022,0.5,0.487,蓄力,蓄力,0.013000000000000012
603703,2023,0.517,0.509,蓄力,蓄力,0.008000000000000007
603728,2018,0.677,0.701,蓄力,就绪,0.02399999999999991
603728,2019,0.763,0.767,就绪,就绪,0.0040000000000000036
603728,2020,0.784,0.78,就绪,就绪,0.0040000000000000036
603728,2021,0.8,0.804,就绪,就绪,0.0040000000000000036
603728,2022,0.774,0.776,就绪,就绪,0.0020000000000000018
603728,2023,0.752,0.74,就绪,就绪,0.01200000000000001
603778,2018,0.316,0.345,薄弱,薄弱,0.02899999999999997
603778,2019,0.364,0.388,薄弱,薄弱,0.02400000000000002
603778,2020,0.427,0.432,蓄力,蓄力,0.0050000000000000044
603778,2021,0.431,0.438,蓄力,蓄力,0.007000000000000006
603778,2022,0.387,0.377,薄弱,薄弱,0.010000000000000009
603778,2023,0.383,0.354,薄弱,薄弱,0.029000000000000026
603819,2018,0.332,0.347,薄弱,薄弱,0.014999999999999958
603819,2019,0.41,0.405,蓄力,蓄力,0.004999999999999949
603819,2020,0.267,0.259,薄弱,薄弱,0.008000000000000007
603819,2021,0.286,0.297,薄弱,薄弱,0.01100000000000001
603819,2022,0.228,0.23,薄弱,薄弱,0.0020000000000000018
603819,2023,0.43,0.423,蓄力,蓄力,0.007000000000000006
603829,2018,0.443,0.456,蓄力,蓄力,0.013000000000000012
603829,2019,0.431,0.434,蓄力,蓄力,0.0030000000000000027
603829,2020,0.446,0.432,蓄力,蓄力,0.014000000000000012
603829,2021,0.412,0.411,蓄力,蓄力,0.0010000000000000009
603829,2022,0.435,0.434,蓄力,蓄力,0.0010000000000000009
603829,2023,0.489,0.489,蓄力,蓄力,0.0
603861,2018,0.44,0.451,蓄力,蓄力,0.01100000000000001
603861,2019,0.413,0.417,蓄力,蓄力,0.0040000000000000036
603861,2020,0.354,0.345,薄弱,薄弱,0.009000000000000008
603861,2021,0.365,0.371,薄弱,薄弱,0.006000000000000005
603861,2022,0.346,0.345,薄弱,薄弱,0.0010000000000000009
603861,2023,0.358,0.349,薄弱,薄弱,0.009000000000000008
603868,2018,0.542,0.545,蓄力,蓄力,0.0030000000000000027
603868,2019,0.544,0.542,蓄力,蓄力,0.0020000000000000018
603868,2020,0.556,0.554,蓄力,蓄力,0.0020000000000000018
603868,2021,0.611,0.617,蓄力,蓄力,0.006000000000000005
603868,2022,0.607,0.609,蓄力,蓄力,0.0020000000000000018
603868,2023,0.619,0.611,蓄力,蓄力,0.008000000000000007
603897,2018,0.543,0.557,蓄力,蓄力,0.014000000000000012
603897,2019,0.48,0.485,蓄力,蓄力,0.0050000000000000044
603897,2020,0.429,0.409,蓄力,蓄力,0.020000000000000018
603897,2021,0.514,0.524,蓄力,蓄力,0.010000000000000009
603897,2022,0.393,0.396,薄弱,薄弱,0.0030000000000000027
603897,2023,0.399,0.402,薄弱,蓄力,0.0030000000000000027
603988,2018,0.469,0.495,蓄力,蓄力,0.026000000000000023
603988,2019,0.533,0.544,蓄力,蓄力,0.01100000000000001
603988,2020,0.5,0.501,蓄力,蓄力,0.0010000000000000009
603988,2021,0.377,0.377,薄弱,薄弱,0.0
603988,2022,0.455,0.452,蓄力,蓄力,0.0030000000000000027
603988,2023,0.443,0.42,蓄力,蓄力,0.02300000000000002
605066,2020,0.531,0.522,蓄力,蓄力,0.009000000000000008
605066,2021,0.484,0.491,蓄力,蓄力,0.007000000000000006
605066,2022,0.483,0.481,蓄力,蓄力,0.0020000000000000018
605066,2023,0.579,0.559,蓄力,蓄力,0.019999999999999907
605117,2021,0.531,0.539,蓄力,蓄力,0.008000000000000007
605117,2022,0.648,0.644,蓄力,蓄力,0.0040000000000000036
605117,2023,0.71,0.702,就绪,就绪,0.008000000000000007
605196,2021,0.552,0.548,蓄力,蓄力,0.0040000000000000036
605196,2022,0.54,0.541,蓄力,蓄力,0.0010000000000000009
605196,2023,0.61,0.623,蓄力,蓄力,0.013000000000000012
605222,2020,0.474,0.455,蓄力,蓄力,0.01899999999999996
605222,2021,0.487,0.491,蓄力,蓄力,0.0040000000000000036
605222,2022,0.419,0.422,蓄力,蓄力,0.0030000000000000027
605222,2023,0.421,0.409,蓄力,蓄力,0.01200000000000001
605277,2020,0.551,0.549,蓄力,蓄力,0.0020000000000000018
605277,2021,0.6,0.596,蓄力,蓄力,0.0040000000000000036
605277,2022,0.511,0.504,蓄力,蓄力,0.007000000000000006
605277,2023,0.52,0.511,蓄力,蓄力,0.009000000000000008
605288,2020,0.645,0.642,蓄力,蓄力,0.0030000000000000027
605288,2021,0.603,0.603,蓄力,蓄力,0.0
605288,2022,0.622,0.611,蓄力,蓄力,0.01100000000000001
605288,2023,0.642,0.61,蓄力,蓄力,0.03200000000000003
605336,2020,0.616,0.618,蓄力,蓄力,0.0020000000000000018
605336,2021,0.634,0.643,蓄力,蓄力,0.009000000000000008
605336,2022,0.618,0.615,蓄力,蓄力,0.0030000000000000027
605336,2023,0.627,0.609,蓄力,蓄力,0.018000000000000016
605365,2021,0.664,0.665,蓄力,蓄力,0.0010000000000000009
605365,2022,0.719,0.722,就绪,就绪,0.0030000000000000027
605365,2023,0.619,0.623,蓄力,蓄力,0.0040000000000000036
605378,2020,0.461,0.454,蓄力,蓄力,0.007000000000000006
605378,2021,0.453,0.458,蓄力,蓄力,0.0050000000000000044
605378,2022,0.477,0.473,蓄力,蓄力,0.0040000000000000036
605378,2023,0.483,0.479,蓄力,蓄力,0.0040000000000000036
605555,2021,0.562,0.565,蓄力,蓄力,0.0029999999999998916
605555,2022,0.606,0.595,蓄力,蓄力,0.01100000000000001
605555,2023,0.594,0.579,蓄力,蓄力,0.015000000000000013
688032,2021,0.617,0.626,蓄力,蓄力,0.009000000000000008
688032,2022,0.792,0.79,就绪,就绪,0.0020000000000000018
688032,2023,0.791,0.788,就绪,就绪,0.0030000000000000027
688063,2020,0.633,0.631,蓄力,蓄力,0.0020000000000000018
688063,2021,0.618,0.623,蓄力,蓄力,0.0050000000000000044
688063,2022,0.625,0.631,蓄力,蓄力,0.006000000000000005
688063,2023,0.784,0.773,就绪,就绪,0.01100000000000001
688223,2021,0.547,0.549,蓄力,蓄力,0.0020000000000000018
688223,2022,0.571,0.572,蓄力,蓄力,0.0010000000000000009
688223,2023,0.616,0.624,蓄力,蓄力,0.008000000000000007
688226,2021,0.487,0.49,蓄力,蓄力,0.0030000000000000027
688226,2022,0.476,0.472,蓄力,蓄力,0.0040000000000000036
688226,2023,0.445,0.429,蓄力,蓄力,0.016000000000000014
688303,2021,0.583,0.593,蓄力,蓄力,0.010000000000000009
688303,2022,0.619,0.62,蓄力,蓄力,0.0010000000000000009
688303,2023,0.606,0.596,蓄力,蓄力,0.010000000000000009
688330,2020,0.61,0.614,蓄力,蓄力,0.0040000000000000036
688330,2021,0.616,0.63,蓄力,蓄力,0.014000000000000012
688330,2022,0.597,0.59,蓄力,蓄力,0.007000000000000006
688330,2023,0.549,0.53,蓄力,蓄力,0.019000000000000017
688339,2020,0.481,0.479,蓄力,蓄力,0.0020000000000000018
688339,2021,0.485,0.497,蓄力,蓄力,0.01200000000000001
688339,2022,0.471,0.466,蓄力,蓄力,0.004999999999999949
688339,2023,0.522,0.497,蓄力,蓄力,0.025000000000000022
688345,2021,0.547,0.548,蓄力,蓄力,0.0010000000000000009
688345,2022,0.544,0.54,蓄力,蓄力,0.0040000000000000036
688345,2023,0.452,0.434,蓄力,蓄力,0.018000000000000016
688348,2022,0.673,0.669,蓄力,蓄力,0.0040000000000000036
688348,2023,0.724,0.712,就绪,就绪,0.01200000000000001
688349,2022,0.623,0.623,蓄力,蓄力,0.0
688349,2023,0.624,0.618,蓄力,蓄力,0.006000000000000005
688390,2020,0.702,0.707,就绪,就绪,0.0050000000000000044
688390,2021,0.679,0.674,蓄力,蓄力,0.0050000000000000044
688390,2022,0.687,0.692,蓄力,蓄力,0.004999999999999893
688390,2023,0.725,0.721,就绪,就绪,0.0040000000000000036
688395,2021,0.543,0.556,蓄力,蓄力,0.013000000000000012
688395,2022,0.559,0.562,蓄力,蓄力,0.0030000000000000027
688395,2023,0.571,0.572,蓄力,蓄力,0.0010000000000000009
688408,2020,0.559,0.55,蓄力,蓄力,0.009000000000000008
688408,2021,0.5,0.508,蓄力,蓄力,0.008000000000000007
688408,2022,0.462,0.454,蓄力,蓄力,0.008000000000000007
688408,2023,0.491,0.48,蓄力,蓄力,0.01100000000000001
688429,2023,0.57,0.573,蓄力,蓄力,0.0030000000000000027
688472,2023,0.497,0.501,蓄力,蓄力,0.0040000000000000036
688503,2022,0.543,0.543,蓄力,蓄力,0.0
688503,2023,0.566,0.55,蓄力,蓄力,0.015999999999999903
688517,2021,0.502,0.512,蓄力,蓄力,0.010000000000000009
688517,2022,0.415,0.412,蓄力,蓄力,0.0030000000000000027
688517,2023,0.47,0.463,蓄力,蓄力,0.006999999999999951
688567,2020,0.636,0.642,蓄力,蓄力,0.006000000000000005
688567,2021,0.567,0.567,蓄力,蓄力,0.0
688567,2022,0.512,0.504,蓄力,蓄力,0.008000000000000007
688567,2023,0.485,0.465,蓄力,蓄力,0.019999999999999962
688599,2020,0.555,0.549,蓄力,蓄力,0.006000000000000005
688599,2021,0.564,0.559,蓄力,蓄力,0.004999999999999893
688599,2022,0.534,0.536,蓄力,蓄力,0.0020000000000000018
688599,2023,0.556,0.551,蓄力,蓄力,0.0050000000000000044
688611,2021,0.578,0.586,蓄力,蓄力,0.008000000000000007
688611,2022,0.541,0.542,蓄力,蓄力,0.0010000000000000009
688611,2023,0.532,0.531,蓄力,蓄力,0.0010000000000000009
688663,2020,0.461,0.453,蓄力,蓄力,0.008000000000000007
688663,2021,0.52,0.526,蓄力,蓄力,0.006000000000000005
688663,2022,0.474,0.471,蓄力,蓄力,0.0030000000000000027
688663,2023,0.486,0.484,蓄力,蓄力,0.0020000000000000018
688676,2021,0.554,0.547,蓄力,蓄力,0.007000000000000006
688676,2022,0.568,0.567,蓄力,蓄力,0.0010000000000000009
688676,2023,0.615,0.605,蓄力,蓄力,0.010000000000000009
688681,2021,0.571,0.579,蓄力,蓄力,0.008000000000000007
688681,2022,0.453,0.451,蓄力,蓄力,0.0020000000000000018
688681,2023,0.487,0.465,蓄力,蓄力,0.021999999999999964
688717,2023,0.784,0.768,就绪,就绪,0.016000000000000014
688719,2023,0.616,0.607,蓄力,蓄力,0.009000000000000008
688772,2021,0.603,0.61,蓄力,蓄力,0.007000000000000006
688772,2022,0.502,0.499,蓄力,蓄力,0.0030000000000000027
688772,2023,0.526,0.513,蓄力,蓄力,0.013000000000000012
688793,2021,0.589,0.592,蓄力,蓄力,0.0030000000000000027
688793,2022,0.407,0.405,蓄力,蓄力,0.0019999999999999463
688793,2023,0.365,0.349,薄弱,薄弱,0.016000000000000014
688819,2020,0.614,0.61,蓄力,蓄力,0.0040000000000000036
688819,2021,0.6,0.598,蓄力,蓄力,0.0020000000000000018
688819,2022,0.59,0.586,蓄力,蓄力,0.0040000000000000036
688819,2023,0.617,0.612,蓄力,蓄力,0.0050000000000000044
