scode,selected_year,claim_year,chunk_id,anchor
000049,2019,2021,v21_c00000042,与全球领先的消费类电子厂商建立了长期稳定的合作关系
000049,2019,2021,v21_c00000044,服务于全球高端消费类电子厂商
000049,2019,2022,v21_c00000059,与全球领先的消费类电子和电动工具厂商建立了长期稳定的合作关系
000333,2018,2019,v21_c00000184,瑞士公司AdvancedOsteotomyToolsAG
000333,2018,2019,v21_c00000184,美国公司SensusHealthcare
000651,2018,2019,v21_c00001314,授权丹麦格兰富公司3项电机专利技术
000921,2018,2022,v21_c00001792,与全球重点客户多层面的沟通
000921,2018,2022,v21_c00001793,"赢得全球客户多个重点项目订单,并获取了多项欧美车企的新商权"
000921,2018,2022,v21_c00001793,获得国际车企的定点开发
000921,2019,2022,v21_c00001792,与全球重点客户多层面的沟通
000921,2019,2022,v21_c00001793,"赢得全球客户多个重点项目订单,并获取了多项欧美车企的新商权"
000921,2019,2022,v21_c00001793,获得国际车企的定点开发
000921,2020,2022,v21_c00001792,与全球重点客户多层面的沟通
000921,2020,2022,v21_c00001793,"赢得全球客户多个重点项目订单,并获取了多项欧美车企的新商权"
000921,2020,2022,v21_c00001793,获得国际车企的定点开发
000921,2021,2022,v21_c00001792,与全球重点客户多层面的沟通
000921,2021,2022,v21_c00001793,"赢得全球客户多个重点项目订单,并获取了多项欧美车企的新商权"
000921,2021,2022,v21_c00001793,获得国际车企的定点开发
002005,2018,2019,v21_c00002234,维护好现有的海外市场和客户
002005,2018,2021,v21_c00002281,国际知名家电制造商、品牌商以及区域性领袖企业
002005,2019,2021,v21_c00002281,国际知名家电制造商、品牌商以及区域性领袖企业
002005,2020,2021,v21_c00002281,国际知名家电制造商、品牌商以及区域性领袖企业
002032,2018,2022,v21_c00002605,与外贸客户一起推动新品研发、提升效率、降低成本
002032,2018,2022,v21_c00002606,于外贸主要客户SEB集团的出口业务已实施人民币结算
002032,2018,2023,v21_c00002618,与外贸主要客户SEB集团的出口业务已实施人民币结算
002032,2019,2022,v21_c00002605,与外贸客户一起推动新品研发、提升效率、降低成本
002032,2019,2022,v21_c00002606,于外贸主要客户SEB集团的出口业务已实施人民币结算
002032,2019,2023,v21_c00002618,与外贸主要客户SEB集团的出口业务已实施人民币结算
002032,2020,2022,v21_c00002605,与外贸客户一起推动新品研发、提升效率、降低成本
002032,2020,2022,v21_c00002606,于外贸主要客户SEB集团的出口业务已实施人民币结算
002032,2020,2023,v21_c00002618,与外贸主要客户SEB集团的出口业务已实施人民币结算
002032,2021,2022,v21_c00002605,与外贸客户一起推动新品研发、提升效率、降低成本
002032,2021,2022,v21_c00002606,于外贸主要客户SEB集团的出口业务已实施人民币结算
002032,2021,2023,v21_c00002618,与外贸主要客户SEB集团的出口业务已实施人民币结算
002032,2022,2023,v21_c00002618,与外贸主要客户SEB集团的出口业务已实施人民币结算
002056,2018,2021,v21_c00002801,"全球500强企业或行业领先企业的信赖,如华为、特斯拉、博世、博泽、三星、法雷奥、松下、电产、格力、美的等均为公司的客户"
002056,2018,2022,v21_c00002803,为全球客户提供户用分布式、工商业分布式和集中式电站用的高效光伏产品以及系统解决方案
002056,2018,2022,v21_c00002827,作为众多全球500强企业和行业领先企业的战略合作伙伴
002056,2020,2021,v21_c00002801,"全球500强企业或行业领先企业的信赖,如华为、特斯拉、博世、博泽、三星、法雷奥、松下、电产、格力、美的等均为公司的客户"
002056,2020,2022,v21_c00002803,为全球客户提供户用分布式、工商业分布式和集中式电站用的高效光伏产品以及系统解决方案
002056,2020,2022,v21_c00002827,作为众多全球500强企业和行业领先企业的战略合作伙伴
002056,2021,2022,v21_c00002803,为全球客户提供户用分布式、工商业分布式和集中式电站用的高效光伏产品以及系统解决方案
002056,2021,2022,v21_c00002827,作为众多全球500强企业和行业领先企业的战略合作伙伴
002074,2018,2019,v21_c00002875,与BOSCH、TATA、荷兰Ebusco等国际客户达成合作意向
002074,2018,2019,v21_c00002875,与国际多家品牌车企展开产品开发和技术交流
002074,2018,2020,v21_c00002881,稳定荷兰EBUSCO、印度TATA、美国EP等固有市场份额
002074,2019,2020,v21_c00002881,稳定荷兰EBUSCO、印度TATA、美国EP等固有市场份额
002076,2018,2019,v21_c00002980,开拓海外客户
002129,2018,2019,v21_c00003235,全球前十大功率半导体客户
002129,2018,2021,v21_c00003264,国际多家头部客户的突破
002129,2019,2021,v21_c00003264,国际多家头部客户的突破
002129,2020,2021,v21_c00003264,国际多家头部客户的突破
002137,2018,2019,v21_c00003326,切入EGLO、怡化股份等优质客户
002137,2018,2019,v21_c00003327,欧洲客户EGLO、SSG
002139,2018,2019,v21_c00003408,拓展全球性综合类大客户
002139,2018,2020,v21_c00003429,拓展全球性综合类大客户和快速成长的科技创新类客户
002139,2019,2020,v21_c00003429,拓展全球性综合类大客户和快速成长的科技创新类客户
002150,2018,2020,v21_c00003616,"给海外客户吃下了“定心丸”,出口订单从下半年开始回升"
002150,2018,2020,v21_c00003616,"加强与客户的沟通,力争保持有序出货"
002150,2019,2020,v21_c00003616,"给海外客户吃下了“定心丸”,出口订单从下半年开始回升"
002150,2019,2020,v21_c00003616,"加强与客户的沟通,力争保持有序出货"
002168,2018,2020,v21_c00003735,出口海内外多家知名企业
002168,2019,2020,v21_c00003735,出口海内外多家知名企业
002184,2019,2020,v21_c00004025,对海外用户的直接销售
002196,2018,2019,v21_c00004172,与国外Tier1供应商的合作
002196,2018,2019,v21_c00004173,TTI等电动工具巨头
002218,2019,2021,v21_c00004346,玻璃大客户
002218,2019,2021,v21_c00004346,已有的玻璃大客户资源
002218,2019,2021,v21_c00004354,海外客户
002218,2020,2021,v21_c00004346,玻璃大客户
002218,2020,2021,v21_c00004346,已有的玻璃大客户资源
002218,2020,2021,v21_c00004354,海外客户
002245,2020,2021,v21_c00004631,进入全球TOP4电动工具公司供应链
002276,2018,2019,v21_c00005061,与普睿司曼、耐克森、通用电气等全球电缆集团达成长期稳定合作
002290,2018,2021,v21_c00005195,核心客户包括LG、三星、博西华、松下、美的等
002290,2018,2023,v21_c00005214,与国内外知名家电品牌生产商建立了长期稳定的供应关系
002290,2021,2023,v21_c00005214,与国内外知名家电品牌生产商建立了长期稳定的供应关系
002309,2018,2019,v21_c00005967,与华为、中兴等知名通信设备制造商在国内、国际市场开展深度合作
002309,2018,2021,v21_c00005997,开拓并维护长期稳定的优质客户
002309,2019,2021,v21_c00005997,开拓并维护长期稳定的优质客户
002309,2020,2021,v21_c00005997,开拓并维护长期稳定的优质客户
002334,2021,2023,v21_c00006126,与德国美兹等优质客户达成项目合作
002334,2022,2023,v21_c00006126,与德国美兹等优质客户达成项目合作
002451,2018,2019,v21_c00006862,与海外不良资产投资机构的合作
002459,2019,2021,v21_c00007123,产品品质得到了中国电力建设集团有限公司、国家电力投资集团有限公司、中国华电集团有限公司、BayWaGroup、RenewPowerPrivateLimited、IberdrolaRenovablesSAU等国内外大型、战略客户的广泛认可
002459,2019,2021,v21_c00007123,与全球优质的能源电力公司及光伏电站系统集成商等核心客户建立了稳定的长期合作关系
002459,2020,2021,v21_c00007123,产品品质得到了中国电力建设集团有限公司、国家电力投资集团有限公司、中国华电集团有限公司、BayWaGroup、RenewPowerPrivateLimited、IberdrolaRenovablesSAU等国内外大型、战略客户的广泛认可
002459,2020,2021,v21_c00007123,与全球优质的能源电力公司及光伏电站系统集成商等核心客户建立了稳定的长期合作关系
002498,2018,2019,v21_c00007422,在中国石油技术开发公司、上海电气集团、中南勘测设计院、山东电建三公司中东北非分公司、华东勘测设计院和澳大利亚新南威尔士州电力公司、东北电力设计院、国核电力规划设计研究院、中南勘测设计院、东方电气集团、中国电力技术装备有限公司、新加坡电力公司在线监测产品技术交流会
002498,2018,2020,v21_c00007447,"给壳牌新加坡、文莱相关项目,澳大利亚相关项目供货"
002498,2019,2020,v21_c00007447,"给壳牌新加坡、文莱相关项目,澳大利亚相关项目供货"
002506,2018,2020,v21_c00007556,被PVEL评为全球组件表现最好的制造商
002506,2019,2020,v21_c00007556,被PVEL评为全球组件表现最好的制造商
002513,2018,2020,v21_c00007752,维护好现有客户资源
002513,2018,2020,v21_c00007760,先正达公司采购公司原药
002513,2018,2020,v21_c00007761,FMC公司
002513,2019,2020,v21_c00007752,维护好现有客户资源
002513,2019,2020,v21_c00007760,先正达公司采购公司原药
002513,2019,2020,v21_c00007761,FMC公司
002518,2018,2020,v21_c00007955,在疫情严重区域部分大客户的销售额却同比上涨
002518,2018,2022,v21_c00007987,与海外电力安装商、户用光伏和储能运营商等客户深入合作
002518,2019,2020,v21_c00007955,在疫情严重区域部分大客户的销售额却同比上涨
002518,2019,2022,v21_c00007987,与海外电力安装商、户用光伏和储能运营商等客户深入合作
002518,2020,2022,v21_c00007987,与海外电力安装商、户用光伏和储能运营商等客户深入合作
002518,2021,2022,v21_c00007987,与海外电力安装商、户用光伏和储能运营商等客户深入合作
002531,2018,2021,v21_c00008094,"与全球风电整机龙头Vestas签署了长期战略合作协议,并与GE、SGRE等国际一流风电企业建立了长期稳定的合作关系"
002531,2018,2021,v21_c00008098,面对国际客户
002531,2018,2021,v21_c00008098,国内外客户
002531,2019,2021,v21_c00008094,"与全球风电整机龙头Vestas签署了长期战略合作协议,并与GE、SGRE等国际一流风电企业建立了长期稳定的合作关系"
002531,2019,2021,v21_c00008098,面对国际客户
002531,2019,2021,v21_c00008098,国内外客户
002531,2020,2021,v21_c00008094,"与全球风电整机龙头Vestas签署了长期战略合作协议,并与GE、SGRE等国际一流风电企业建立了长期稳定的合作关系"
002531,2020,2021,v21_c00008098,面对国际客户
002531,2020,2021,v21_c00008098,国内外客户
002543,2018,2021,v21_c00008328,开发了北美第一大平板炉客户
002543,2019,2021,v21_c00008328,开发了北美第一大平板炉客户
002543,2020,2021,v21_c00008328,开发了北美第一大平板炉客户
002580,2018,2019,v21_c00008671,与全球目标大客户战略性深度合作
002606,2018,2019,v21_c00008802,国内外电网公司
002606,2018,2021,v21_c00008836,加强与海外客户的线上沟通和贸易
002606,2019,2021,v21_c00008836,加强与海外客户的线上沟通和贸易
002606,2020,2021,v21_c00008836,加强与海外客户的线上沟通和贸易
002614,2018,2019,v21_c00008909,与全球知名健康品牌Honeywell达成战略性合作
002614,2018,2021,v21_c00008926,与HoMedics、Honeywell、日本松下等众多国际领先健康品牌建立长期稳固的合作关系
002614,2019,2021,v21_c00008926,与HoMedics、Honeywell、日本松下等众多国际领先健康品牌建立长期稳固的合作关系
002614,2020,2021,v21_c00008926,与HoMedics、Honeywell、日本松下等众多国际领先健康品牌建立长期稳固的合作关系
002668,2018,2021,v21_c00009137,获得全球大量客户的认可
002668,2018,2021,v21_c00009139,进入多家国际知名冰箱龙头企业的全球采购系统中
002668,2018,2022,v21_c00009144,"加强与客户协同,推动客户拜访、访厂、验厂等工作全面恢复"
002668,2019,2021,v21_c00009137,获得全球大量客户的认可
002668,2019,2021,v21_c00009139,进入多家国际知名冰箱龙头企业的全球采购系统中
002668,2019,2022,v21_c00009144,"加强与客户协同,推动客户拜访、访厂、验厂等工作全面恢复"
002668,2020,2021,v21_c00009137,获得全球大量客户的认可
002668,2020,2021,v21_c00009139,进入多家国际知名冰箱龙头企业的全球采购系统中
002668,2020,2022,v21_c00009144,"加强与客户协同,推动客户拜访、访厂、验厂等工作全面恢复"
002668,2021,2022,v21_c00009144,"加强与客户协同,推动客户拜访、访厂、验厂等工作全面恢复"
002723,2018,2019,v21_c00009592,海外客户集中在电力基础设施建设不足的欠发达国家及地区
002723,2018,2021,v21_c00009624,与大客户合作开发的桌面空气净化器在亚马逊电商平台销量排名前列
002723,2018,2021,v21_c00009638,拥有大量“一带一路”国家的客户
002723,2019,2021,v21_c00009624,与大客户合作开发的桌面空气净化器在亚马逊电商平台销量排名前列
002723,2019,2021,v21_c00009638,拥有大量“一带一路”国家的客户
002723,2020,2021,v21_c00009624,与大客户合作开发的桌面空气净化器在亚马逊电商平台销量排名前列
002723,2020,2021,v21_c00009638,拥有大量“一带一路”国家的客户
002733,2018,2023,v21_c00009906,通过国内外多家知名企业的认可
002733,2019,2023,v21_c00009906,通过国内外多家知名企业的认可
002733,2020,2023,v21_c00009906,通过国内外多家知名企业的认可
002733,2021,2023,v21_c00009906,通过国内外多家知名企业的认可
002733,2022,2023,v21_c00009906,通过国内外多家知名企业的认可
002745,2018,2020,v21_c00009950,"IMELCO、REXEL、SONEPAR等贸易渠道客户,沃尔玛、BAUHAUS等超市零售渠道客户形成长期稳定的合作关系"
002745,2018,2021,v21_c00009966,"与IMELCO、REXEL、SONEPAR等贸易渠道客户,以及沃尔玛、麦德龙、BAUHAUS等大型商业超市、零售渠道客户保持长期稳定的合作关系"
002745,2018,2022,v21_c00009988,以IMELCO、REXEL、SONEPAR等为代表的贸易渠道客户和沃尔玛、麦德龙、BAUHAUS等为代表的大型商业超市、零售渠道客户
002745,2019,2020,v21_c00009950,"IMELCO、REXEL、SONEPAR等贸易渠道客户,沃尔玛、BAUHAUS等超市零售渠道客户形成长期稳定的合作关系"
002745,2019,2021,v21_c00009966,"与IMELCO、REXEL、SONEPAR等贸易渠道客户,以及沃尔玛、麦德龙、BAUHAUS等大型商业超市、零售渠道客户保持长期稳定的合作关系"
002745,2019,2022,v21_c00009988,以IMELCO、REXEL、SONEPAR等为代表的贸易渠道客户和沃尔玛、麦德龙、BAUHAUS等为代表的大型商业超市、零售渠道客户
002745,2020,2021,v21_c00009966,"与IMELCO、REXEL、SONEPAR等贸易渠道客户,以及沃尔玛、麦德龙、BAUHAUS等大型商业超市、零售渠道客户保持长期稳定的合作关系"
002745,2020,2022,v21_c00009988,以IMELCO、REXEL、SONEPAR等为代表的贸易渠道客户和沃尔玛、麦德龙、BAUHAUS等为代表的大型商业超市、零售渠道客户
002745,2021,2022,v21_c00009988,以IMELCO、REXEL、SONEPAR等为代表的贸易渠道客户和沃尔玛、麦德龙、BAUHAUS等为代表的大型商业超市、零售渠道客户
002801,2018,2021,v21_c00010041,以行业知名厂商为主要客户
002801,2020,2021,v21_c00010041,以行业知名厂商为主要客户
002851,2018,2019,v21_c00010207,瞄准世界制造业和国内制造业500强的优质客户
002851,2018,2019,v21_c00010218,配合如Philips、Hillrom、Devilbiss等海外医疗设备制造商的紧急需求
002860,2018,2021,v21_c00010471,松下、夏普、惠而浦、三星、LG等公司
002860,2018,2022,v21_c00010503,客户主要有美的、格兰仕、苏泊尔、利仁、科沃斯、方太、松下、惠而浦、LG等公司
002860,2019,2021,v21_c00010471,松下、夏普、惠而浦、三星、LG等公司
002860,2019,2022,v21_c00010503,客户主要有美的、格兰仕、苏泊尔、利仁、科沃斯、方太、松下、惠而浦、LG等公司
002860,2020,2021,v21_c00010471,松下、夏普、惠而浦、三星、LG等公司
002860,2020,2022,v21_c00010503,客户主要有美的、格兰仕、苏泊尔、利仁、科沃斯、方太、松下、惠而浦、LG等公司
002860,2021,2022,v21_c00010503,客户主要有美的、格兰仕、苏泊尔、利仁、科沃斯、方太、松下、惠而浦、LG等公司
002892,2018,2020,v21_c00010890,加强与欧美核心客户的深度合作
002892,2018,2020,v21_c00010902,与意大利嘉玛、丹麦linak等国内外知名企业建立合作关系
002892,2018,2021,v21_c00010922,成为海康威视、可胜技术、创想三维、松下(Panasonic)、美的、海信、宇视科技、广电运通、比依股份、新宝股份、伊莱克斯(Electrolux)等国内外知名企业的重要供应商
002892,2019,2020,v21_c00010890,加强与欧美核心客户的深度合作
002892,2019,2020,v21_c00010902,与意大利嘉玛、丹麦linak等国内外知名企业建立合作关系
002892,2019,2021,v21_c00010922,成为海康威视、可胜技术、创想三维、松下(Panasonic)、美的、海信、宇视科技、广电运通、比依股份、新宝股份、伊莱克斯(Electrolux)等国内外知名企业的重要供应商
002892,2020,2021,v21_c00010922,成为海康威视、可胜技术、创想三维、松下(Panasonic)、美的、海信、宇视科技、广电运通、比依股份、新宝股份、伊莱克斯(Electrolux)等国内外知名企业的重要供应商
002897,2018,2021,v21_c00010986,国际客户
002897,2018,2021,v21_c00010988,核心客户为全球光伏系统领域领先厂商NEXTracker
002897,2018,2021,v21_c00010988,"作为其太阳能跟踪支架的重要供应商,与其建立了稳固的合作关系"
002897,2019,2021,v21_c00010986,国际客户
002897,2019,2021,v21_c00010988,核心客户为全球光伏系统领域领先厂商NEXTracker
002897,2019,2021,v21_c00010988,"作为其太阳能跟踪支架的重要供应商,与其建立了稳固的合作关系"
002897,2020,2021,v21_c00010986,国际客户
002897,2020,2021,v21_c00010988,核心客户为全球光伏系统领域领先厂商NEXTracker
002897,2020,2021,v21_c00010988,"作为其太阳能跟踪支架的重要供应商,与其建立了稳固的合作关系"
002922,2018,2019,v21_c00011043,与全球逆变器龙头企业阳光电源、华为等保持稳定、良好的合作关系
002922,2018,2020,v21_c00011051,与全球逆变器龙头企业阳光电源、华为等客户保持稳定、良好的合作关系
002922,2018,2021,v21_c00011058,与宜家、欧司朗、Kichler等国际知名企业形成长期稳定战略合作
002922,2020,2021,v21_c00011058,与宜家、欧司朗、Kichler等国际知名企业形成长期稳定战略合作
002953,2019,2021,v21_c00011347,与多个国际知名公司建立了合作关系
002953,2019,2021,v21_c00011348,对境外客户采用买断式销售模式
002953,2019,2021,v21_c00011350,国外客户
003021,2020,2021,v21_c00011530,与全球行业标杆客户的紧密合作
003021,2020,2022,v21_c00011571,加强与全球行业标杆客户的紧密合作
003021,2021,2022,v21_c00011571,加强与全球行业标杆客户的紧密合作
300032,2018,2020,v21_c00012157,向某国际大客户供应线性马达
300032,2018,2021,v21_c00012170,拥有一批优质的国际客户
300032,2019,2020,v21_c00012157,向某国际大客户供应线性马达
300032,2019,2021,v21_c00012170,拥有一批优质的国际客户
300048,2018,2021,v21_c00012303,韩国和德国的集成商客户实现订单转化
300048,2018,2023,v21_c00012353,取得欧洲、澳洲、美洲、非洲等重点市场主流客户的订单
300048,2018,2023,v21_c00012354,为全球客户提供家庭能源解决方案
300048,2019,2021,v21_c00012303,韩国和德国的集成商客户实现订单转化
300048,2019,2023,v21_c00012353,取得欧洲、澳洲、美洲、非洲等重点市场主流客户的订单
300048,2019,2023,v21_c00012354,为全球客户提供家庭能源解决方案
300048,2020,2021,v21_c00012303,韩国和德国的集成商客户实现订单转化
300048,2020,2023,v21_c00012353,取得欧洲、澳洲、美洲、非洲等重点市场主流客户的订单
300048,2020,2023,v21_c00012354,为全球客户提供家庭能源解决方案
300048,2021,2023,v21_c00012353,取得欧洲、澳洲、美洲、非洲等重点市场主流客户的订单
300048,2021,2023,v21_c00012354,为全球客户提供家庭能源解决方案
300048,2022,2023,v21_c00012353,取得欧洲、澳洲、美洲、非洲等重点市场主流客户的订单
300048,2022,2023,v21_c00012354,为全球客户提供家庭能源解决方案
300068,2018,2019,v21_c00012553,"力争成为全球级客户的供应商,大力开发起停电池的二级市场,开发新能源动力细分市场"
300068,2018,2019,v21_c00012563,成为全球多个知名通信运营商及集成商的5G通信锂电产品合作伙伴
300069,2018,2021,v21_c00012719,销往国家电网公司及国内国外主要的电网企业
300069,2018,2022,v21_c00012740,销往国家电网、南方电网及国外主要的电网企业
300069,2018,2023,v21_c00012753,销往国外主要的电网企业
300069,2019,2021,v21_c00012719,销往国家电网公司及国内国外主要的电网企业
300069,2019,2022,v21_c00012740,销往国家电网、南方电网及国外主要的电网企业
300069,2019,2023,v21_c00012753,销往国外主要的电网企业
300069,2020,2021,v21_c00012719,销往国家电网公司及国内国外主要的电网企业
300069,2020,2022,v21_c00012740,销往国家电网、南方电网及国外主要的电网企业
300069,2020,2023,v21_c00012753,销往国外主要的电网企业
300069,2021,2022,v21_c00012740,销往国家电网、南方电网及国外主要的电网企业
300069,2021,2023,v21_c00012753,销往国外主要的电网企业
300069,2022,2023,v21_c00012753,销往国外主要的电网企业
300118,2018,2019,v21_c00013194,覆盖国内外多数主要组件生产厂商
300118,2018,2019,v21_c00013196,得到国内外大型网商、综合超市的验收认可
300125,2019,2020,v21_c00013550,拥有中建材浚鑫科技有限公司、中节能太阳能科技(镇江)有限公司、东方日升(常州)进出口有限公司、西安隆基硅材料股份有限公司等一批优质的客户群体
300129,2018,2019,v21_c00013638,"海外客户的开发与维护,推动与核心客户的全方位合作"
300129,2018,2022,v21_c00013712,受到国内外众多客户的认可
300129,2019,2022,v21_c00013712,受到国内外众多客户的认可
300129,2020,2022,v21_c00013712,受到国内外众多客户的认可
300129,2021,2022,v21_c00013712,受到国内外众多客户的认可
300153,2018,2023,v21_c00014036,跟海外客户对接的形式出口
300153,2019,2023,v21_c00014036,跟海外客户对接的形式出口
300153,2020,2023,v21_c00014036,跟海外客户对接的形式出口
300153,2021,2023,v21_c00014036,跟海外客户对接的形式出口
300153,2022,2023,v21_c00014036,跟海外客户对接的形式出口
300247,2020,2021,v21_c00014241,外销出货和客户加强沟通灵活安排出货方式
300252,2018,2020,v21_c00014331,世界排名前五服务器制造商已交付其三(H3C、Inspur、Lenovo)
300252,2018,2021,v21_c00014346,为海外运营商及行业专网提供4G/5G通信组网解决方案
300252,2018,2023,v21_c00014395,获得国内外行业领先客户的认可
300252,2019,2020,v21_c00014331,世界排名前五服务器制造商已交付其三(H3C、Inspur、Lenovo)
300252,2019,2021,v21_c00014346,为海外运营商及行业专网提供4G/5G通信组网解决方案
300252,2019,2023,v21_c00014395,获得国内外行业领先客户的认可
300252,2020,2021,v21_c00014346,为海外运营商及行业专网提供4G/5G通信组网解决方案
300252,2020,2023,v21_c00014395,获得国内外行业领先客户的认可
300252,2021,2023,v21_c00014395,获得国内外行业领先客户的认可
300252,2022,2023,v21_c00014395,获得国内外行业领先客户的认可
300272,2018,2020,v21_c00014566,英国MN无电软水机项目
300272,2018,2020,v21_c00014567,定制客户为欧洲重要合作伙伴，客户主动签订合约要求该款产品欧洲区域独家供应
300283,2018,2019,v21_c00014849,对施耐德、艾默生、伊顿等世界知名企业的销售额正逐年上升
300283,2018,2021,v21_c00014889,国际客户
300283,2018,2021,v21_c00014896,对施耐德、艾默生等国际知名企业的销售额正逐年上升
300317,2018,2020,v21_c00014985,主要零售客户Lowe’sUS光伏照明业务增长超过20%
300317,2018,2020,v21_c00014985,高端品牌产品太阳能射灯在Wal-MartUS持续热卖
300317,2018,2021,v21_c00014992,"主要客户是欧美地区的大型连锁零售商,如LOWE'S、WALMART、CANADIANTIRE、EDEKA、NORMA等"
300317,2019,2020,v21_c00014985,主要零售客户Lowe’sUS光伏照明业务增长超过20%
300317,2019,2020,v21_c00014985,高端品牌产品太阳能射灯在Wal-MartUS持续热卖
300317,2019,2021,v21_c00014992,"主要客户是欧美地区的大型连锁零售商,如LOWE'S、WALMART、CANADIANTIRE、EDEKA、NORMA等"
300317,2020,2021,v21_c00014992,"主要客户是欧美地区的大型连锁零售商,如LOWE'S、WALMART、CANADIANTIRE、EDEKA、NORMA等"
300376,2018,2023,v21_c00015344,加强与海上风电客户的合作
300376,2019,2023,v21_c00015344,加强与海上风电客户的合作
300376,2020,2023,v21_c00015344,加强与海上风电客户的合作
300376,2021,2023,v21_c00015344,加强与海上风电客户的合作
300376,2022,2023,v21_c00015344,加强与海上风电客户的合作
300393,2019,2021,v21_c00015428,获得全球范围内多家客户的认可
300393,2020,2021,v21_c00015428,获得全球范围内多家客户的认可
300403,2018,2019,v21_c00015519,为全球领先的家电企业提供优质电器配件
300403,2018,2019,v21_c00015519,"主要客户包括海尔、美的,惠而浦、GE,三星、LG、大宇电子,伊莱克斯、西门子、卡迪、ARCELIK、VESTEL等"
300403,2018,2021,v21_c00015568,主要客户包括惠而浦、三星、美的、海尔、伊莱克斯、LG、GE、松下、卡迪、ARCELIK、VESTEL等全球知名家电制造企业
300403,2019,2021,v21_c00015568,主要客户包括惠而浦、三星、美的、海尔、伊莱克斯、LG、GE、松下、卡迪、ARCELIK、VESTEL等全球知名家电制造企业
300438,2021,2022,v21_c00015869,与全球储能市场各细分领域头部客户加深合作
300444,2018,2019,v21_c00015942,供货秘鲁、西班牙等海外客户
300477,2018,2022,v21_c00016279,拓展海外客户
300477,2018,2023,v21_c00016332,完成厦钨新能源、ATL、三星SDI、优美科、比亚迪、国轩高科、泰丰先行、华友钴业、湖南裕能、当升科技等下游客户认证及批量供货
300477,2021,2022,v21_c00016279,拓展海外客户
300477,2021,2023,v21_c00016332,完成厦钨新能源、ATL、三星SDI、优美科、比亚迪、国轩高科、泰丰先行、华友钴业、湖南裕能、当升科技等下游客户认证及批量供货
300477,2022,2023,v21_c00016332,完成厦钨新能源、ATL、三星SDI、优美科、比亚迪、国轩高科、泰丰先行、华友钴业、湖南裕能、当升科技等下游客户认证及批量供货
300490,2018,2019,v21_c00016505,"与LG签定了提升机订单,与BNW签定战略协议,拓展海外新能源市场"
300490,2018,2020,v21_c00016520,与全球锂电行业的龙头企业宁德时代新能源科技股份有限公司(即CATL)和宁德新能源科技有限公司(即ATL)有着多年的合作基础
300490,2018,2021,v21_c00016542,"全球知名锂电池生产企业,如宁德时代、蜂巢能源、赣锋锂业等"
300490,2019,2020,v21_c00016520,与全球锂电行业的龙头企业宁德时代新能源科技股份有限公司(即CATL)和宁德新能源科技有限公司(即ATL)有着多年的合作基础
300490,2019,2021,v21_c00016542,"全球知名锂电池生产企业,如宁德时代、蜂巢能源、赣锋锂业等"
300490,2020,2021,v21_c00016542,"全球知名锂电池生产企业,如宁德时代、蜂巢能源、赣锋锂业等"
300510,2018,2019,v21_c00017004,与国外大客户例如三星SDI、LG等战略客户的合作
300510,2018,2023,v21_c00017135,与俄项目方进行商务磋商
300510,2019,2023,v21_c00017135,与俄项目方进行商务磋商
300510,2022,2023,v21_c00017135,与俄项目方进行商务磋商
300626,2019,2021,v21_c00017840,拥有美国百得(BLACK&DECKER)、牧田(MAKITA)、日本电产(NIDEC)、博世集团(BOSCH)、德昌电机、佩特来(Prestolite)、威灵电机、延锋安道拓等全球知名客户
300626,2019,2022,v21_c00017857,拥有美国百得(BLACK&DECKER)、牧田(MAKITA)、日本电产(NIDEC)、博世集团(BOSCH)、德昌电机、佩特来(Prestolite)、威灵电机、延锋安道拓、博格华纳、大洋电机、卧龙电驱等全球知名客户
300626,2019,2023,v21_c00017874,拥有延锋安道拓、博格华纳、日本电产(NIDEC)、博世集团(BOSCH)、牧田(MAKITA)、美国百得(BLACK&DECKER)、胜华波、佩特来(Prestolite)、香港德昌、威灵电机、大洋电机、卧龙电驱等全球知名客户
300632,2018,2021,v21_c00017944,全球领先照明企业或地区知名品牌企业
300632,2018,2022,v21_c00018002,与国际知名品牌企业长期合作
300632,2019,2021,v21_c00017944,全球领先照明企业或地区知名品牌企业
300632,2019,2022,v21_c00018002,与国际知名品牌企业长期合作
300632,2020,2021,v21_c00017944,全球领先照明企业或地区知名品牌企业
300632,2020,2022,v21_c00018002,与国际知名品牌企业长期合作
300632,2021,2022,v21_c00018002,与国际知名品牌企业长期合作
300660,2018,2021,v21_c00018066,国外客户主要包括伊莱克斯、惠而浦、LG、三星、松下、夏普、富士通、GE等知名企业
300660,2018,2021,v21_c00018080,得到了格力、美的、海尔、伊莱克斯、惠而浦、LG、三星、松下、夏普、富士通、戴森、GE等国内外知名的家用电器生产商、全球知名运动健康设备制造商爱康的认可
300660,2018,2021,v21_c00018080,进入了著名医疗仪器制造商迈瑞医疗、爱德士等客户群
300660,2019,2021,v21_c00018066,国外客户主要包括伊莱克斯、惠而浦、LG、三星、松下、夏普、富士通、GE等知名企业
300660,2019,2021,v21_c00018080,得到了格力、美的、海尔、伊莱克斯、惠而浦、LG、三星、松下、夏普、富士通、戴森、GE等国内外知名的家用电器生产商、全球知名运动健康设备制造商爱康的认可
300660,2019,2021,v21_c00018080,进入了著名医疗仪器制造商迈瑞医疗、爱德士等客户群
300660,2020,2021,v21_c00018066,国外客户主要包括伊莱克斯、惠而浦、LG、三星、松下、夏普、富士通、GE等知名企业
300660,2020,2021,v21_c00018080,得到了格力、美的、海尔、伊莱克斯、惠而浦、LG、三星、松下、夏普、富士通、戴森、GE等国内外知名的家用电器生产商、全球知名运动健康设备制造商爱康的认可
300660,2020,2021,v21_c00018080,进入了著名医疗仪器制造商迈瑞医疗、爱德士等客户群
300693,2018,2019,v21_c00018277,向Energport公司提供了两个总容量为72MWh磷酸铁锂(LFP)电池储能项目的集装箱式电池储能系统
300693,2018,2020,v21_c00018292,"与BP集团达成合作,成为首批进入BP中国供应商名单的充电桩厂家"
300693,2019,2020,v21_c00018292,"与BP集团达成合作,成为首批进入BP中国供应商名单的充电桩厂家"
300750,2018,2019,v21_c00018517,"与宝马(BMW)、丰田(Toyota)、戴姆勒(Daimler)、现代(Hyundai)、捷豹路虎(JLR)、标致雪铁龙(PSA)、大众(Volkswagen)和沃尔沃(Volvo)等国际车企品牌深化合作,获得其多个重要项目的定点"
300750,2018,2020,v21_c00018525,赢得多个重点客户关键平台定点
300750,2019,2020,v21_c00018525,赢得多个重点客户关键平台定点
300763,2019,2021,v21_c00018615,进入客户的合格供应商名录
300763,2019,2022,v21_c00018669,将产品直接销售给海外客户
300763,2019,2023,v21_c00018727,销售给海外客户
300763,2020,2021,v21_c00018615,进入客户的合格供应商名录
300763,2020,2022,v21_c00018669,将产品直接销售给海外客户
300763,2020,2023,v21_c00018727,销售给海外客户
300763,2021,2022,v21_c00018669,将产品直接销售给海外客户
300763,2021,2023,v21_c00018727,销售给海外客户
300763,2022,2023,v21_c00018727,销售给海外客户
300824,2020,2021,v21_c00018995,为世界知名品牌提供高品质生活电器的研发、设计、生产一体化服务
300824,2020,2023,v21_c00019037,境外客户通过自身销售渠道将产品销售至消费者
300824,2021,2023,v21_c00019037,境外客户通过自身销售渠道将产品销售至消费者
300824,2022,2023,v21_c00019037,境外客户通过自身销售渠道将产品销售至消费者
300827,2020,2021,v21_c00019076,获得境外客户的认可
300827,2020,2021,v21_c00019085,与TATA、SOFTBANK、AVAADA、SUPER、BGRIMM、LNT、STERLING、ABG、ACME、MAHINDRA等著名世界级企业集团取得战略性合作关系
300827,2020,2022,v21_c00019109,与TATA、ACWA、SOFTBANK、AVAADA、SUPERENERGY、B.GRIMM、LNT、STERLINGWILSON、ABG、ACME、GREENCELL、SOLARIA、VOLTALIA等著名世界级企业集团取得战略性合作关系
300827,2021,2022,v21_c00019109,与TATA、ACWA、SOFTBANK、AVAADA、SUPERENERGY、B.GRIMM、LNT、STERLINGWILSON、ABG、ACME、GREENCELL、SOLARIA、VOLTALIA等著名世界级企业集团取得战略性合作关系
300833,2020,2021,v21_c00019167,开发海外ODM客户
300889,2020,2021,v21_c00019238,迪拜世博会中国馆指定供应商
300889,2020,2021,v21_c00019241,面对国内和国际市场终端客户
300907,2020,2021,v21_c00019466,百得、TTI、麦太保及高壹工机等国际知名企业
300907,2020,2021,v21_c00019481,主要客户百得、TTI、麦太保等
300913,2020,2021,v21_c00019627,全球电子及通信行业领先企业在中国的重要供应商
300913,2020,2022,v21_c00019645,与一些国内外知名企业建立了合作伙伴关系
300913,2020,2022,v21_c00019655,全球电子及通信行业知名企业在中国的重要供应商
300913,2021,2022,v21_c00019645,与一些国内外知名企业建立了合作伙伴关系
300913,2021,2022,v21_c00019655,全球电子及通信行业知名企业在中国的重要供应商
301008,2021,2022,v21_c00019905,将商品运送至指定装运港口
301222,2022,2023,v21_c00020584,与多家国际知名客户建立起了长期稳定的合作关系
301278,2022,2023,v21_c00020746,客户包括天合光能、晶澳太阳能、一道新能源、通威股份、ADANI、HANSOL等国内外主流光伏组件厂
301439,2022,2023,v21_c00021221,与戴尔、海尔、海信、三星、LG、冠捷、台达、惠普、小米、沃尔玛、劳氏、家得宝、吉利集团、上汽通用五菱等客户长期合作
301439,2022,2023,v21_c00021226,与国际客户保持更紧密的合作关系
301439,2022,2023,v21_c00021230,客户主要为海尔集团、台达集团、戴尔集团、三星集团、冠捷集团等家电、计算机企业和沃尔玛、劳氏等终端市场客户
600105,2019,2020,v21_c00021550,得到墨西哥重点客户的认可
600105,2019,2020,v21_c00021552,客户为全球知名模块厂家
600212,2021,2023,v21_c00022001,与BP、壳牌等国内外能源企业达成深度战略合作
600261,2021,2022,v21_c00022113,主要DIY客户和超市客户的产品品类进一步扩大
600336,2020,2022,v21_c00022432,推进与和路雪、可口可乐等大客户合作
600336,2020,2023,v21_c00022445,突破国际大客户
600336,2021,2022,v21_c00022432,推进与和路雪、可口可乐等大客户合作
600336,2021,2023,v21_c00022445,突破国际大客户
600336,2022,2023,v21_c00022445,突破国际大客户
600478,2018,2019,v21_c00022965,为丰田HEV产业链配套
600478,2018,2022,v21_c00023020,向欧洲客户提供了样品订单
600478,2018,2022,v21_c00023022,为一家储能企业的出口用镍锌电池提供基础材料
600478,2019,2022,v21_c00023020,向欧洲客户提供了样品订单
600478,2019,2022,v21_c00023022,为一家储能企业的出口用镍锌电池提供基础材料
600478,2021,2022,v21_c00023020,向欧洲客户提供了样品订单
600478,2021,2022,v21_c00023022,为一家储能企业的出口用镍锌电池提供基础材料
600487,2018,2019,v21_c00023103,与香港电信企业PCCWGlobal合作
600487,2018,2019,v21_c00023103,"完成数家电信客户带宽销售合同签订,包括阿联酋、沙特、法国、肯尼亚及巴基斯坦客户"
600522,2018,2020,v21_c00023403,受邀成为荷兰TenneT±525kV柔性直流海底电缆系统的研发合作厂家之一
600522,2018,2020,v21_c00023406,与阿根廷电信、法国电信、沃达丰等客户保持长期合作
600522,2019,2020,v21_c00023403,受邀成为荷兰TenneT±525kV柔性直流海底电缆系统的研发合作厂家之一
600522,2019,2020,v21_c00023406,与阿根廷电信、法国电信、沃达丰等客户保持长期合作
600537,2018,2019,v21_c00023817,恢复“双反”前传统客户的业务
600537,2018,2023,v21_c00023903,新客户开发超过30家
600537,2019,2023,v21_c00023903,新客户开发超过30家
600537,2021,2023,v21_c00023903,新客户开发超过30家
600537,2022,2023,v21_c00023903,新客户开发超过30家
600580,2018,2019,v21_c00024109,获得采埃孚公司纯电动汽车驱动电机的定点函
600580,2018,2019,v21_c00024111,导入海外主流整车厂订单
600651,2019,2021,v21_c00024340,覆盖全球主流的芯片设计、芯片制造及系统集成商
600651,2019,2021,v21_c00024353,为普洛斯全球仓储中心提供更智能和更节能的照明方案
600651,2019,2022,v21_c00024358,"客户已经覆盖大部分车灯生产商,主要客户有马瑞利、麦格纳、斯坦雷等车灯巨头"
600651,2020,2021,v21_c00024340,覆盖全球主流的芯片设计、芯片制造及系统集成商
600651,2020,2021,v21_c00024353,为普洛斯全球仓储中心提供更智能和更节能的照明方案
600651,2020,2022,v21_c00024358,"客户已经覆盖大部分车灯生产商,主要客户有马瑞利、麦格纳、斯坦雷等车灯巨头"
600651,2021,2022,v21_c00024358,"客户已经覆盖大部分车灯生产商,主要客户有马瑞利、麦格纳、斯坦雷等车灯巨头"
600690,2018,2020,v21_c00024585,GEProfileOpal制冰机在亚马逊会员日当天荣登家用电器和制冰机类别榜首
600690,2018,2020,v21_c00024585,成为Costco的该品类的独家合作伙伴
600690,2019,2020,v21_c00024585,GEProfileOpal制冰机在亚马逊会员日当天荣登家用电器和制冰机类别榜首
600690,2019,2020,v21_c00024585,成为Costco的该品类的独家合作伙伴
600732,2020,2021,v21_c00024808,韩国
600869,2018,2020,v21_c00025003,与北美最大的充电桩企业Chargepoint建立合作
600869,2018,2021,v21_c00025010,和全球一流客户广泛的优质工程项目合作经验
600885,2018,2019,v21_c00025108,为华为、特斯拉、奔驰、大众、丰田、中车等重大标杆客户提供定制设计
600885,2018,2019,v21_c00025108,特斯拉、大众、奔驰、路虎、保时捷、丰田等海外标杆整车厂项目均已实现指定或量产
600885,2018,2020,v21_c00025124,海外标杆整车厂项目均已实现全面量产
600885,2019,2020,v21_c00025124,海外标杆整车厂项目均已实现全面量产
600983,2021,2022,v21_c00025424,与海外客户建立并深化连接，发掘新客户、开展新项目、拓展新品类
601179,2018,2022,v21_c00025705,积累了一批国内外优质客户
601179,2021,2022,v21_c00025705,积累了一批国内外优质客户
601222,2018,2019,v21_c00025755,在沙特电力公司(SEC)组织的1000万台智能电表部署项目中成为最主要的智能电表和通讯模块供应商之一
601222,2018,2019,v21_c00025755,在韩国和合作伙伴一起成为了韩国电力(KEPCO)的主要智能电表供应商
601311,2018,2021,v21_c00026065,与国内外下游客户保持着长期稳定的合作关系
601311,2018,2021,v21_c00026083,宝腾、FCA等客户的项目定点和量产
601311,2018,2022,v21_c00026114,赢得众多国内外车企的好评和青睐
601311,2019,2021,v21_c00026065,与国内外下游客户保持着长期稳定的合作关系
601311,2019,2021,v21_c00026083,宝腾、FCA等客户的项目定点和量产
601311,2019,2022,v21_c00026114,赢得众多国内外车企的好评和青睐
601311,2020,2021,v21_c00026065,与国内外下游客户保持着长期稳定的合作关系
601311,2020,2021,v21_c00026083,宝腾、FCA等客户的项目定点和量产
601311,2020,2022,v21_c00026114,赢得众多国内外车企的好评和青睐
601311,2021,2022,v21_c00026114,赢得众多国内外车企的好评和青睐
601616,2022,2023,v21_c00026264,"与部分海外客户的战略合作和技术交流,发展了多个新的渠道伙伴"
601877,2018,2019,v21_c00026297,与欧美多家世界500强企业建立全球战略合作关系
601877,2018,2020,v21_c00026314,与电力、新能源、建筑、暖通等重点行业客户的合作
601877,2018,2021,v21_c00026353,新增电力局合作10+
601877,2019,2020,v21_c00026314,与电力、新能源、建筑、暖通等重点行业客户的合作
601877,2019,2021,v21_c00026353,新增电力局合作10+
603045,2021,2022,v21_c00026852,国内外知名企业
603045,2021,2022,v21_c00026852,施耐德、ABB、欧姆龙、泰科等国际电器电子知名企业
603070,2021,2023,v21_c00027220,满足国内外高端客户需求
603070,2022,2023,v21_c00027220,满足国内外高端客户需求
603109,2019,2021,v21_c00027317,进入COSTCO、PRICESMARTINC、SAMSCLUB、HOMEDEPOTINC、AMAZONINC等美国通机市场的主流销售渠道
603109,2020,2021,v21_c00027317,进入COSTCO、PRICESMARTINC、SAMSCLUB、HOMEDEPOTINC、AMAZONINC等美国通机市场的主流销售渠道
603150,2021,2023,v21_c00027440,荣获三星“战略供应商”、海尔“2023年优秀模块商”、美的“2023年度全球战略合作伙伴”及“卓越战略合作伙伴”、LG“品质进步奖”、长虹“2023最佳战略合作伙伴”、TCL“杰出供应商”等荣誉
603150,2021,2023,v21_c00027443,新增夏普客户
603303,2020,2021,v21_c00028027,涉及保时捷、奥迪、大众、日产、大发、丰田等诸多主机品牌
603355,2018,2020,v21_c00028249,与国际知名汽车品牌生产商建立了业务关系
603355,2018,2021,v21_c00028272,与国际高端品牌和地区性知名品牌的战略合作关系
603398,2018,2021,v21_c00028489,与这些客户建立了长期稳定的合作关系
603489,2019,2021,v21_c00028559,与境外的品牌商或者境内外的整车装配商签订销售合同
603489,2019,2021,v21_c00028571,拥有众多境外中大型电踏车品牌商以及境内外整车装配商客户
603579,2020,2021,v21_c00029201,为境外客户提供代工生产
603579,2020,2021,v21_c00029203,已有一批稳定客户资源
603583,2019,2021,v21_c00029315,与美国的AMQSOLUTIONSLLC、TheHuman(SquareGroveLLC)、HNICorporation、HATContract、ErgoDepot(Fully)等客户通过ODM为主的方式建立战略合作
603583,2019,2021,v21_c00029333,主要客户为国内外医疗、办公、家居等厂商
603583,2019,2021,v21_c00029344,获得国内外客户的信任
603606,2021,2023,v21_c00029622,快速响应国际客户ESG需求
603606,2022,2023,v21_c00029622,快速响应国际客户ESG需求
603628,2019,2023,v21_c00029892,面向大型经销商、区域重点项目开发商、业主和主流EPC公司进行销售
603628,2021,2023,v21_c00029892,面向大型经销商、区域重点项目开发商、业主和主流EPC公司进行销售
603628,2022,2023,v21_c00029892,面向大型经销商、区域重点项目开发商、业主和主流EPC公司进行销售
603677,2020,2021,v21_c00029927,与惠而浦、三星、海信、松下等建立了良好的合作关系
603677,2020,2021,v21_c00029946,配套Ford纯电动车的中间轴项目
603677,2020,2022,v21_c00029953,与惠而浦、三星、海尔、海信、松下等建立的良好合作关系
603677,2021,2022,v21_c00029953,与惠而浦、三星、海尔、海信、松下等建立的良好合作关系
603685,2018,2021,v21_c00030206,成为飞利浦、欧司朗等知名跨国企业的稳定供应商
603685,2018,2023,v21_c00030282,成为昕诺飞、欧司朗、欧普照明等知名跨国企业的稳定供应商
603685,2021,2023,v21_c00030282,成为昕诺飞、欧司朗、欧普照明等知名跨国企业的稳定供应商
603685,2022,2023,v21_c00030282,成为昕诺飞、欧司朗、欧普照明等知名跨国企业的稳定供应商
603728,2018,2019,v21_c00030540,得到了全球医疗设备领域顶级客户的认可
603728,2018,2020,v21_c00030546,全球各行业头部客户的技术需求为导向
603728,2019,2020,v21_c00030546,全球各行业头部客户的技术需求为导向
603819,2021,2023,v21_c00030965,"国外电机厂商,如康明斯、上海三菱、科勒、维斯塔斯、ABB、西门子、通用电气、歌美飒、庞巴迪、东芝三菱、利莱森玛、美奥迪、马拉松及中车株洲等"
603819,2022,2023,v21_c00030965,"国外电机厂商,如康明斯、上海三菱、科勒、维斯塔斯、ABB、西门子、通用电气、歌美飒、庞巴迪、东芝三菱、利莱森玛、美奥迪、马拉松及中车株洲等"
603829,2020,2021,v21_c00031000,赢得诸多包括跨国电气公司在内的国内外行业下游知名企业的认可
603988,2021,2023,v21_c00031435,当地客户
603988,2022,2023,v21_c00031435,当地客户
688223,2021,2023,v21_c00033017,与全球多家电力开发商、分销商、终端客户签订订单
688223,2022,2023,v21_c00033017,与全球多家电力开发商、分销商、终端客户签订订单
688348,2022,2023,v21_c00034086,面向美国市场
688349,2022,2023,v21_c00034258,全球化重点客户突破
688390,2020,2021,v21_c00034399,与众多国内外知名客户建立了良好的合作关系
688408,2020,2021,v21_c00034870,与大多光伏领域知名公司建立了良好的合作关系
688567,2020,2021,v21_c00035536,保障戴姆勒客户现有项目的圆满交付
688567,2020,2021,v21_c00035536,开拓戴姆勒客户的其他新平台项目
688599,2021,2022,v21_c00035861,对我国光伏企业出口到美国的组件产品进行了扣押
688681,2021,2022,v21_c00036972,"尼得科、美国Emerson(艾默生,其电机与控制业务已被日本电产株式会社收购)、GE(通用电气)"
688681,2021,2022,v21_c00036972,ABB、Danfoss、Siemens和KSB(REEL)等
688793,2021,2022,v21_c00037654,俄罗斯OEM客户订单减少
688793,2021,2022,v21_c00037654,俄罗斯OEM客户的订单大幅减少
688819,2021,2022,v21_c00037833,聚焦一线大客户
